doc_id,plano,periodo,capitulo_num,capitulo_nome,pagina_inicio,pagina_fim,termo_busca,contexto_anterior,contexto_posterior,contexto_completo_kwic,evidencia_texto,localizacao_precisa,mecanismo_hipotetico
PQ13_Cap_03,PQ13,2016-2020,3,Chapter 1 The Development Environment,7,13,chinese_dream,improvement opens wider rest world become world’s largest trader goods major outward investor rmb included imf’s special drawing rights basket,rejuvenation nation core socialist values gained firm place people’s hearts china’s soft power continued become stronger notable achievements made military,improvement opens wider rest world become world’s largest trader goods major outward investor rmb included imf’s special drawing rights basket chinese_dream rejuvenation nation core socialist values gained firm place people’s hearts china’s soft power continued become stronger notable achievements made military,improvement opens wider rest world become world’s largest trader goods major outward investor rmb included imf’s special drawing rights basket [chinese_dream] rejuvenation nation core socialist values gained firm place people’s hearts china’s soft power continued become stronger notable achievements made military,"PQ13, Chapter 1 The Development Environment (pp. 7-13)",M6: Teleologia Nacional e Fins Estruturais
PQ13_Cap_04,PQ13,2016-2020,4,Chapter 2 The Guiding Thinking,14,15,chinese_dream,make headway party_building ensure completion building moderately_prosperous_society_in_all_respects within set time frame put place firmer foundations achieving second two centenary goals1,rejuvenating nation end must honor following principles uphold principal position people people basic force behind development realizing safeguarding developing fundamental,make headway party_building ensure completion building moderately_prosperous_society_in_all_respects within set time frame put place firmer foundations achieving second two centenary goals1 chinese_dream rejuvenating nation end must honor following principles uphold principal position people people basic force behind development realizing safeguarding developing fundamental,make headway party_building ensure completion building moderately_prosperous_society_in_all_respects within set time frame put place firmer foundations achieving second two centenary goals1 [chinese_dream] rejuvenating nation end must honor following principles uphold principal position people people basic force behind development realizing safeguarding developing fundamental,"PQ13, Chapter 2 The Guiding Thinking (pp. 14-15)",M6: Teleologia Nacional e Fins Estruturais
PQ13_Cap_05,PQ13,2016-2020,5,Chapter 3 Major Objectives,16,20,chinese_dream,line able lift poverty poor counties able rid poverty poverty alleviation achieved regions improve overall caliber population level civility society,core socialist values gain firmer place people’s hearts broadly advocate patriotism collectivism socialism people work improve cultivate sense virtue act,line able lift poverty poor counties able rid poverty poverty alleviation achieved regions improve overall caliber population level civility society chinese_dream core socialist values gain firmer place people’s hearts broadly advocate patriotism collectivism socialism people work improve cultivate sense virtue act,line able lift poverty poor counties able rid poverty poverty alleviation achieved regions improve overall caliber population level civility society [chinese_dream] core socialist values gain firmer place people’s hearts broadly advocate patriotism collectivism socialism people work improve cultivate sense virtue act,"PQ13, Chapter 3 Major Objectives (pp. 16-20)",M6: Teleologia Nacional e Fins Estruturais
PQ13_Cap_06,PQ13,2016-2020,6,Chapter 4 The Development Philosophy,21,21,beautiful_china,ecosystems move faster build resource-conserving environmentally friendly society bring new model modernization whereby humankind develops harmony nature move forward building,make new contributions toward ensuring global ecosecurity opening vital china’s prosperity development adapting china’s ever-deepening integration world economy pursue mutually,ecosystems move faster build resource-conserving environmentally friendly society bring new model modernization whereby humankind develops harmony nature move forward building beautiful_china make new contributions toward ensuring global ecosecurity opening vital china’s prosperity development adapting china’s ever-deepening integration world economy pursue mutually,ecosystems move faster build resource-conserving environmentally friendly society bring new model modernization whereby humankind develops harmony nature move forward building [beautiful_china] make new contributions toward ensuring global ecosecurity opening vital china’s prosperity development adapting china’s ever-deepening integration world economy pursue mutually,"PQ13, Chapter 4 The Development Philosophy (pp. 21-21)",M5: Civilização Ecológica e Transição Verde
PQ13_Cap_06,PQ13,2016-2020,6,Chapter 4 The Development Philosophy,21,21,common_prosperity,people greater sense benefit contribute development share fruits thus strengthening impetus development increasing unity among people helping move steadily toward,pursuit innovative coordinated green open shared development represents profound change china’s development effort new development philosophy constitutes joint body parts,people greater sense benefit contribute development share fruits thus strengthening impetus development increasing unity among people helping move steadily toward common_prosperity pursuit innovative coordinated green open shared development represents profound change china’s development effort new development philosophy constitutes joint body parts,people greater sense benefit contribute development share fruits thus strengthening impetus development increasing unity among people helping move steadily toward [common_prosperity] pursuit innovative coordinated green open shared development represents profound change china’s development effort new development philosophy constitutes joint body parts,"PQ13, Chapter 4 The Development Philosophy (pp. 21-21)",M6: Teleologia Nacional e Fins Estruturais
PQ13_Cap_09,PQ13,2016-2020,9,Chapter 6 Ensure Innovation in Science and Technology Takes a Leading Role,23,25,basic_research,ensure innovation science_and_technology takes leading role see scientific technological innovation leads way areas innovation strengthen,bolster primary innovation innovation based integration existing technologies innovation based import assimilation improve china’s capacity innovation provide inexhaustible driving force,ensure innovation science_and_technology takes leading role see scientific technological innovation leads way areas innovation strengthen basic_research bolster primary innovation innovation based integration existing technologies innovation based import assimilation improve china’s capacity innovation provide inexhaustible driving force,ensure innovation science_and_technology takes leading role see scientific technological innovation leads way areas innovation strengthen [basic_research] bolster primary innovation innovation based integration existing technologies innovation based import assimilation improve china’s capacity innovation provide inexhaustible driving force,"PQ13, Chapter 6 Ensure Innovation in Science and Technology Takes a Leading Role (pp. 23-25)",M2: Autonomia Tecno-Relacional e Modernização
PQ13_Cap_09,PQ13,2016-2020,9,Chapter 6 Ensure Innovation in Science and Technology Takes a Leading Role,23,25,basic_research,assimilation improve china’s capacity innovation provide inexhaustible driving force economic social development breakthroughs strategic frontier fields work strategy-driven frontier-oriented support,research key general-purpose technologies bearing overall development attach greater importance primary disruptive innovation stay focused objectives give high priority key,assimilation improve china’s capacity innovation provide inexhaustible driving force economic social development breakthroughs strategic frontier fields work strategy-driven frontier-oriented support basic_research research key general-purpose technologies bearing overall development attach greater importance primary disruptive innovation stay focused objectives give high priority key,assimilation improve china’s capacity innovation provide inexhaustible driving force economic social development breakthroughs strategic frontier fields work strategy-driven frontier-oriented support [basic_research] research key general-purpose technologies bearing overall development attach greater importance primary disruptive innovation stay focused objectives give high priority key,"PQ13, Chapter 6 Ensure Innovation in Science and Technology Takes a Leading Role (pp. 23-25)",M2: Autonomia Tecno-Relacional e Modernização
PQ13_Cap_31,PQ13,2016-2020,31,"Chapter 25 Build Ubiquitous, Efficient Information Networks",71,72,cybersecurity,adopt forward-thinking approach planning next generation internet move upgrade ipv6 across board formulate plans future cyber frameworks cyber technology systems,systems focus making breakthroughs key big data cloud computing technologies independently controllable operating systems high-end industrial software large management software,adopt forward-thinking approach planning next generation internet move upgrade ipv6 across board formulate plans future cyber frameworks cyber technology systems cybersecurity systems focus making breakthroughs key big data cloud computing technologies independently controllable operating systems high-end industrial software large management software,adopt forward-thinking approach planning next generation internet move upgrade ipv6 across board formulate plans future cyber frameworks cyber technology systems [cybersecurity] systems focus making breakthroughs key big data cloud computing technologies independently controllable operating systems high-end industrial software large management software,"PQ13, Chapter 25 Build Ubiquitous, Efficient Information Networks (pp. 71-72)",M1: Securitização Holística e Gestão de Riscos
PQ13_Cap_34,PQ13,2016-2020,34,Chapter 28 Strengthen Information Security,76,78,cybersecurity,strengthen information_security work see,developed tandem information technology systems safeguarding national cybersecurity improved protection important information systems data resources strengthened network governance_capacity improves order,strengthen information_security work see cybersecurity developed tandem information technology systems safeguarding national cybersecurity improved protection important information systems data resources strengthened network governance_capacity improves order,strengthen information_security work see [cybersecurity] developed tandem information technology systems safeguarding national cybersecurity improved protection important information systems data resources strengthened network governance_capacity improves order,"PQ13, Chapter 28 Strengthen Information Security (pp. 76-78)",M1: Securitização Holística e Gestão de Riscos
PQ13_Cap_34,PQ13,2016-2020,34,Chapter 28 Strengthen Information Security,76,78,cybersecurity,strengthen information_security work see cybersecurity developed tandem information technology systems safeguarding national,improved protection important information systems data resources strengthened network governance_capacity improves order ensure national information_security better protection data resources establish,strengthen information_security work see cybersecurity developed tandem information technology systems safeguarding national cybersecurity improved protection important information systems data resources strengthened network governance_capacity improves order ensure national information_security better protection data resources establish,strengthen information_security work see cybersecurity developed tandem information technology systems safeguarding national [cybersecurity] improved protection important information systems data resources strengthened network governance_capacity improves order ensure national information_security better protection data resources establish,"PQ13, Chapter 28 Strengthen Information Security (pp. 76-78)",M1: Securitização Holística e Gestão de Riscos
PQ13_Cap_34,PQ13,2016-2020,34,Chapter 28 Strengthen Information Security,76,78,cybersecurity,infrastructure promote innovation adoption e-commerce key areas promote development comprehensive experimental zones crossborder e-commerce hangzhou areas build international ecommerce thoroughfares,implement national information_security project become better able ensure security key information infrastructure important information systems classified information systems use better,infrastructure promote innovation adoption e-commerce key areas promote development comprehensive experimental zones crossborder e-commerce hangzhou areas build international ecommerce thoroughfares cybersecurity implement national information_security project become better able ensure security key information infrastructure important information systems classified information systems use better,infrastructure promote innovation adoption e-commerce key areas promote development comprehensive experimental zones crossborder e-commerce hangzhou areas build international ecommerce thoroughfares [cybersecurity] implement national information_security project become better able ensure security key information infrastructure important information systems classified information systems use better,"PQ13, Chapter 28 Strengthen Information Security (pp. 76-78)",M1: Securitização Holística e Gestão de Riscos
PQ13_Cap_45,PQ13,2016-2020,45,PART IX,104,104,belt_and_road_initiative,ix development coordinated regions based master strategy regional development using guidance,integration beijing tianjin hebei yangtze economic belt promote formation north-south east-west intersecting economic belts primarily along coastline yangtze river major,ix development coordinated regions based master strategy regional development using guidance belt_and_road_initiative integration beijing tianjin hebei yangtze economic belt promote formation north-south east-west intersecting economic belts primarily along coastline yangtze river major,ix development coordinated regions based master strategy regional development using guidance [belt_and_road_initiative] integration beijing tianjin hebei yangtze economic belt promote formation north-south east-west intersecting economic belts primarily along coastline yangtze river major,"PQ13, PART IX (pp. 104-104)",M3: Governança Global e Projeção Normativa
PQ13_Cap_46,PQ13,2016-2020,46,Chapter 37 Implement the Master Strategy for Regional Development,105,107,belt_and_road_initiative,regions strive narrow gaps regional development development western region give high priority implementing strategy large scale development western region ensure,able better drive development region accelerate development interregional international corridors well regional hubs improve infrastructure work achieve significant improvements transportation,regions strive narrow gaps regional development development western region give high priority implementing strategy large scale development western region ensure belt_and_road_initiative able better drive development region accelerate development interregional international corridors well regional hubs improve infrastructure work achieve significant improvements transportation,regions strive narrow gaps regional development development western region give high priority implementing strategy large scale development western region ensure [belt_and_road_initiative] able better drive development region accelerate development interregional international corridors well regional hubs improve infrastructure work achieve significant improvements transportation,"PQ13, Chapter 37 Implement the Master Strategy for Regional Development (pp. 105-107)",M3: Governança Global e Projeção Normativa
PQ13_Cap_51,PQ13,2016-2020,51,PART X,119,119,beautiful_china,efforts ensure resources used efficiently quality ecological goods available public simultaneously help people become prosperous help country grow stronger build,NA,efforts ensure resources used efficiently quality ecological goods available public simultaneously help people become prosperous help country grow stronger build beautiful_china,efforts ensure resources used efficiently quality ecological goods available public simultaneously help people become prosperous help country grow stronger build [beautiful_china] ,"PQ13, PART X (pp. 119-119)",M5: Civilização Ecológica e Transição Verde
PQ13_Cap_59,PQ13,2016-2020,59,PART XI,141,141,belt_and_road_initiative,xi all-around opening,paving way give greater meaning notion opening increase level openness coordinate efforts strengthen strategic mutual trust investment trade cooperation cultural,xi all-around opening belt_and_road_initiative paving way give greater meaning notion opening increase level openness coordinate efforts strengthen strategic mutual trust investment trade cooperation cultural,xi all-around opening [belt_and_road_initiative] paving way give greater meaning notion opening increase level openness coordinate efforts strengthen strategic mutual trust investment trade cooperation cultural,"PQ13, PART XI (pp. 141-141)",M3: Governança Global e Projeção Normativa
PQ13_Cap_62,PQ13,2016-2020,62,Chapter 51 Move Forward with the Belt and Road Initiative,147,149,belt_and_road_initiative,move forward,uphold amity sincerity mutual benefit inclusiveness well principle joint discussion common development shared growth look undertake practical mutually-beneficial cooperation multiple,move forward belt_and_road_initiative uphold amity sincerity mutual benefit inclusiveness well principle joint discussion common development shared growth look undertake practical mutually-beneficial cooperation multiple,move forward [belt_and_road_initiative] uphold amity sincerity mutual benefit inclusiveness well principle joint discussion common development shared growth look undertake practical mutually-beneficial cooperation multiple,"PQ13, Chapter 51 Move Forward with the Belt and Road Initiative (pp. 147-149)",M3: Governança Global e Projeção Normativa
PQ13_Cap_62,PQ13,2016-2020,62,Chapter 51 Move Forward with the Belt and Road Initiative,147,149,belt_and_road_initiative,mutual benefit inclusiveness well principle joint discussion common development shared growth look undertake practical mutually-beneficial cooperation multiple countries regions involved,aim developing new picture all-around opening opened world eastward westward links across land sea cooperation mechanisms improve bilateral multilateral cooperation,mutual benefit inclusiveness well principle joint discussion common development shared growth look undertake practical mutually-beneficial cooperation multiple countries regions involved belt_and_road_initiative aim developing new picture all-around opening opened world eastward westward links across land sea cooperation mechanisms improve bilateral multilateral cooperation,mutual benefit inclusiveness well principle joint discussion common development shared growth look undertake practical mutually-beneficial cooperation multiple countries regions involved [belt_and_road_initiative] aim developing new picture all-around opening opened world eastward westward links across land sea cooperation mechanisms improve bilateral multilateral cooperation,"PQ13, Chapter 51 Move Forward with the Belt and Road Initiative (pp. 147-149)",M3: Governança Global e Projeção Normativa
PQ13_Cap_62,PQ13,2016-2020,62,Chapter 51 Move Forward with the Belt and Road Initiative,147,149,belt_and_road_initiative,developing new picture all-around opening opened world eastward westward links across land sea cooperation mechanisms improve bilateral multilateral cooperation mechanisms,focusing policy communication infrastructure connectivity trade facilitation capital flow people-to people exchanges increase cohesion development plans technological standards countries along,developing new picture all-around opening opened world eastward westward links across land sea cooperation mechanisms improve bilateral multilateral cooperation mechanisms belt_and_road_initiative focusing policy communication infrastructure connectivity trade facilitation capital flow people-to people exchanges increase cohesion development plans technological standards countries along,developing new picture all-around opening opened world eastward westward links across land sea cooperation mechanisms improve bilateral multilateral cooperation mechanisms [belt_and_road_initiative] focusing policy communication infrastructure connectivity trade facilitation capital flow people-to people exchanges increase cohesion development plans technological standards countries along,"PQ13, Chapter 51 Move Forward with the Belt and Road Initiative (pp. 147-149)",M3: Governança Global e Projeção Normativa
PQ13_Cap_62,PQ13,2016-2020,62,Chapter 51 Move Forward with the Belt and Road Initiative,147,149,belt_and_road_initiative,policy communication infrastructure connectivity trade facilitation capital flow people-to people exchanges increase cohesion development plans technological standards countries along routes,make efforts facilitate transport among countries along routes simplify customs clearance procedures along routes establish diversified project based financing model,policy communication infrastructure connectivity trade facilitation capital flow people-to people exchanges increase cohesion development plans technological standards countries along routes belt_and_road_initiative make efforts facilitate transport among countries along routes simplify customs clearance procedures along routes establish diversified project based financing model,policy communication infrastructure connectivity trade facilitation capital flow people-to people exchanges increase cohesion development plans technological standards countries along routes [belt_and_road_initiative] make efforts facilitate transport among countries along routes simplify customs clearance procedures along routes establish diversified project based financing model,"PQ13, Chapter 51 Move Forward with the Belt and Road Initiative (pp. 147-149)",M3: Governança Global e Projeção Normativa
PQ13_Cap_62,PQ13,2016-2020,62,Chapter 51 Move Forward with the Belt and Road Initiative,147,149,belt_and_road_initiative,silk road work develop maritime silk road influential international shipping indicator open inclusive cultural exchanges work ensure success international summit,give expression role silk road dunhuang international culture expo conduct extensive international cooperation areas education science technology culture sports tourism,silk road work develop maritime silk road influential international shipping indicator open inclusive cultural exchanges work ensure success international summit belt_and_road_initiative give expression role silk road dunhuang international culture expo conduct extensive international cooperation areas education science technology culture sports tourism,silk road work develop maritime silk road influential international shipping indicator open inclusive cultural exchanges work ensure success international summit [belt_and_road_initiative] give expression role silk road dunhuang international culture expo conduct extensive international cooperation areas education science technology culture sports tourism,"PQ13, Chapter 51 Move Forward with the Belt and Road Initiative (pp. 147-149)",M3: Governança Global e Projeção Normativa
PQ13_Cap_63,PQ13,2016-2020,63,Chapter 52 Participate in Global Economic Governance,150,150,belt_and_road_initiative,systems speed efforts implement free trade area strategy gradually establishing network high-standard_free_trade areas actively engage negotiations countries regions along routes,building free trade areas accelerate negotiations regional comprehensive economic partnership agreements china-gulf cooperation council free trade area china-japan rok free,systems speed efforts implement free trade area strategy gradually establishing network high-standard_free_trade areas actively engage negotiations countries regions along routes belt_and_road_initiative building free trade areas accelerate negotiations regional comprehensive economic partnership agreements china-gulf cooperation council free trade area china-japan rok free,systems speed efforts implement free trade area strategy gradually establishing network high-standard_free_trade areas actively engage negotiations countries regions along routes [belt_and_road_initiative] building free trade areas accelerate negotiations regional comprehensive economic partnership agreements china-gulf cooperation council free trade area china-japan rok free,"PQ13, Chapter 52 Participate in Global Economic Governance (pp. 150-150)",M3: Governança Global e Projeção Normativa
PQ13_Cap_64,PQ13,2016-2020,64,Chapter 53 Assume International Responsibilities and Obligations,151,151,cybersecurity,areas control work countries maintain safety international corridors work enhance multilateral bilateral coordination participate international cyberspace governance help safeguard global,help promote international cooperation corruption,areas control work countries maintain safety international corridors work enhance multilateral bilateral coordination participate international cyberspace governance help safeguard global cybersecurity help promote international cooperation corruption,areas control work countries maintain safety international corridors work enhance multilateral bilateral coordination participate international cyberspace governance help safeguard global [cybersecurity] help promote international cooperation corruption,"PQ13, Chapter 53 Assume International Responsibilities and Obligations (pp. 151-151)",M1: Securitização Holística e Gestão de Riscos
PQ13_Cap_66,PQ13,2016-2020,66,"Chapter 54 Support Long-Term Prosperity, Stability, and Development in Hong Kong",152,153,belt_and_road_initiative,economy order achieve sustainable economic development deeper cooperation mainland hong kong macao support hong kong macao participating country’s bidirectional opening,encourage mainland hong kong macao enterprises go global capitalizing respective strengths multiple forms partnership open mainland widely hong kong macao,economy order achieve sustainable economic development deeper cooperation mainland hong kong macao support hong kong macao participating country’s bidirectional opening belt_and_road_initiative encourage mainland hong kong macao enterprises go global capitalizing respective strengths multiple forms partnership open mainland widely hong kong macao,economy order achieve sustainable economic development deeper cooperation mainland hong kong macao support hong kong macao participating country’s bidirectional opening [belt_and_road_initiative] encourage mainland hong kong macao enterprises go global capitalizing respective strengths multiple forms partnership open mainland widely hong kong macao,"PQ13, Chapter 54 Support Long-Term Prosperity, Stability, and Development in Hong Kong (pp. 152-153)",M3: Governança Global e Projeção Normativa
PQ13_Cap_72,PQ13,2016-2020,72,Chapter 59 Modernize Education,162,166,belt_and_road_initiative,procurement develop modern remote online learning focus vocational education applied higher education international exchanges cooperation education promote educational activities related,implement study abroad action continue ensure confucius institutes run successfully,procurement develop modern remote online learning focus vocational education applied higher education international exchanges cooperation education promote educational activities related belt_and_road_initiative implement study abroad action continue ensure confucius institutes run successfully,procurement develop modern remote online learning focus vocational education applied higher education international exchanges cooperation education promote educational activities related [belt_and_road_initiative] implement study abroad action continue ensure confucius institutes run successfully,"PQ13, Chapter 59 Modernize Education (pp. 162-166)",M3: Governança Global e Projeção Normativa
PQ13_Cap_82,PQ13,2016-2020,82,Chapter 67 Strengthen Civic Development,190,191,chinese_dream,advocate traditional virtues alongside modern virtues promote spirit science humanity advance civic development civility throughout society core socialist values use,core socialist values build consensus bring together different forces strengthen national identity rule_of_law awareness moral consciousness sense social responsibility ecological,advocate traditional virtues alongside modern virtues promote spirit science humanity advance civic development civility throughout society core socialist values use chinese_dream core socialist values build consensus bring together different forces strengthen national identity rule_of_law awareness moral consciousness sense social responsibility ecological,advocate traditional virtues alongside modern virtues promote spirit science humanity advance civic development civility throughout society core socialist values use [chinese_dream] core socialist values build consensus bring together different forces strengthen national identity rule_of_law awareness moral consciousness sense social responsibility ecological,"PQ13, Chapter 67 Strengthen Civic Development (pp. 190-191)",M6: Teleologia Nacional e Fins Estruturais
PQ13_Cap_88,PQ13,2016-2020,88,Chapter 73 Develop the National Security System,207,208,cybersecurity,security implement national security law formulate implementation regulations promote legislative work areas involving national security national economic_security nonproliferation national intelligence,export control foreign agent registration security reviews businesses involving foreign capital speed efforts improve system laws relating national security make,security implement national security law formulate implementation regulations promote legislative work areas involving national security national economic_security nonproliferation national intelligence cybersecurity export control foreign agent registration security reviews businesses involving foreign capital speed efforts improve system laws relating national security make,security implement national security law formulate implementation regulations promote legislative work areas involving national security national economic_security nonproliferation national intelligence [cybersecurity] export control foreign agent registration security reviews businesses involving foreign capital speed efforts improve system laws relating national security make,"PQ13, Chapter 73 Develop the National Security System (pp. 207-208)",M1: Securitização Holística e Gestão de Riscos
PQ14_Cap_03,PQ14,2021-2025,3,Article I Development environment,7,9,great_rejuvenation_of_the_chinese_nation,strength people's standard living jumped new level grand historic achievements made establishing well-off society all-round way new strides made toward,中华 民族 伟大 复兴 socialist stands east majestic posture china's development environment faces profoundly complex changes china's development still important,strength people's standard living jumped new level grand historic achievements made establishing well-off society all-round way new strides made toward great_rejuvenation_of_the_chinese_nation 中华 民族 伟大 复兴 socialist stands east majestic posture china's development environment faces profoundly complex changes china's development still important,strength people's standard living jumped new level grand historic achievements made establishing well-off society all-round way new strides made toward [great_rejuvenation_of_the_chinese_nation] 中华 民族 伟大 复兴 socialist stands east majestic posture china's development environment faces profoundly complex changes china's development still important,"PQ14, Article I Development environment (pp. 7-9)",M6: Teleologia Nacional e Fins Estruturais
PQ14_Cap_03,PQ14,2021-2025,3,Article I Development environment,7,9,great_rejuvenation_of_the_chinese_nation,stark long way go environmental_protection shortcomings livelihood protection weaknesses social governance 社会 治理 necessary provide overall planning entire strategic situation,once-in-a-century shift world situation profoundly understand new features new requirements created change main contradiction society profoundly understand contradictions challenges created,stark long way go environmental_protection shortcomings livelihood protection weaknesses social governance 社会 治理 necessary provide overall planning entire strategic situation great_rejuvenation_of_the_chinese_nation once-in-a-century shift world situation profoundly understand new features new requirements created change main contradiction society profoundly understand contradictions challenges created,stark long way go environmental_protection shortcomings livelihood protection weaknesses social governance 社会 治理 necessary provide overall planning entire strategic situation [great_rejuvenation_of_the_chinese_nation] once-in-a-century shift world situation profoundly understand new features new requirements created change main contradiction society profoundly understand contradictions challenges created,"PQ14, Article I Development environment (pp. 7-9)",M6: Teleologia Nacional e Fins Estruturais
PQ14_Cap_04,PQ14,2021-2025,4,Article II Guiding directives,10,12,xi_jinping_thought,plenums 19th ccp central_committee persist taking marxismleninism mao zedong thought deng xiaoping theory important thinking three represents scientific development concept,translator's report 19th party congress xi jinping defined main contradiction 主要 矛盾 society contradiction people's ever-increasing need good life one,plenums 19th ccp central_committee persist taking marxismleninism mao zedong thought deng xiaoping theory important thinking three represents scientific development concept xi_jinping_thought translator's report 19th party congress xi jinping defined main contradiction 主要 矛盾 society contradiction people's ever-increasing need good life one,plenums 19th ccp central_committee persist taking marxismleninism mao zedong thought deng xiaoping theory important thinking three represents scientific development concept [xi_jinping_thought] translator's report 19th party congress xi jinping defined main contradiction 主要 矛盾 society contradiction people's ever-increasing need good life one,"PQ14, Article II Guiding directives (pp. 10-12)",M4: Liderança Estratégica e Capacidade Central
PQ14_Cap_04,PQ14,2021-2025,4,Article II Guiding directives,10,12,ecological_civilization,basic theory basic line basic strategy use comprehensive planning advance overall layout economic construction political construction cultural construction social construction,construction promote coordinated fashion strategic layout comprehensive deepening reform comprehensively ruling country according law 依法 治国 comprehensively governing party strictly,basic theory basic line basic strategy use comprehensive planning advance overall layout economic construction political construction cultural construction social construction ecological_civilization construction promote coordinated fashion strategic layout comprehensive deepening reform comprehensively ruling country according law 依法 治国 comprehensively governing party strictly,basic theory basic line basic strategy use comprehensive planning advance overall layout economic construction political construction cultural construction social construction [ecological_civilization] construction promote coordinated fashion strategic layout comprehensive deepening reform comprehensively ruling country according law 依法 治国 comprehensively governing party strictly,"PQ14, Article II Guiding directives (pp. 10-12)",M5: Civilização Ecológica e Transição Verde
PQ14_Cap_04,PQ14,2021-2025,4,Article II Guiding directives,10,12,coordinate_development_and_security,main theme deepening supply-side_structural_reform main line reform innovation fundamental driving force satisfying people's ever-increasing need good life fundamental goal also,accelerate construction modernized economy accelerate establishment new_development_pattern 新 发展 格局 domestic great circulation 国内 大 循 环 mainstay featuring mutually,main theme deepening supply-side_structural_reform main line reform innovation fundamental driving force satisfying people's ever-increasing need good life fundamental goal also coordinate_development_and_security accelerate construction modernized economy accelerate establishment new_development_pattern 新 发展 格局 domestic great circulation 国内 大 循 环 mainstay featuring mutually,main theme deepening supply-side_structural_reform main line reform innovation fundamental driving force satisfying people's ever-increasing need good life fundamental goal also [coordinate_development_and_security] accelerate construction modernized economy accelerate establishment new_development_pattern 新 发展 格局 domestic great circulation 国内 大 循 环 mainstay featuring mutually,"PQ14, Article II Guiding directives (pp. 10-12)",M1: Securitização Holística e Gestão de Riscos
PQ14_Cap_04,PQ14,2021-2025,4,Article II Guiding directives,10,12,dual_circulation,economy accelerate establishment new_development_pattern 新 发展 格局 domestic great circulation 国内 大 循 环 mainstay featuring mutually reinforcing domestic international,双 循环 promote modernization national governance structure governance_capacity achieve stable far-reaching economic progress stable harmonious society make good start good,economy accelerate establishment new_development_pattern 新 发展 格局 domestic great circulation 国内 大 循 环 mainstay featuring mutually reinforcing domestic international dual_circulation 双 循环 promote modernization national governance structure governance_capacity achieve stable far-reaching economic progress stable harmonious society make good start good,economy accelerate establishment new_development_pattern 新 发展 格局 domestic great circulation 国内 大 循 环 mainstay featuring mutually reinforcing domestic international [dual_circulation] 双 循环 promote modernization national governance structure governance_capacity achieve stable far-reaching economic progress stable harmonious society make good start good,"PQ14, Article II Guiding directives (pp. 10-12)",M3: Governança Global e Projeção Normativa
PQ14_Cap_04,PQ14,2021-2025,4,Article II Guiding directives,10,12,common_prosperity,new development concept constructing new_development_pattern provide fundamental assurance achieving high-quality_development persist people-centered 以 人为 中心 adhere mainstay status people direction,always practice development people development people sharing fruits development people protect people's fundamental interests inspire enthusiasm initiative creativity people promote,new development concept constructing new_development_pattern provide fundamental assurance achieving high-quality_development persist people-centered 以 人为 中心 adhere mainstay status people direction common_prosperity always practice development people development people sharing fruits development people protect people's fundamental interests inspire enthusiasm initiative creativity people promote,new development concept constructing new_development_pattern provide fundamental assurance achieving high-quality_development persist people-centered 以 人为 中心 adhere mainstay status people direction [common_prosperity] always practice development people development people sharing fruits development people protect people's fundamental interests inspire enthusiasm initiative creativity people promote,"PQ14, Article II Guiding directives (pp. 10-12)",M6: Teleologia Nacional e Fins Estruturais
PQ14_Cap_05,PQ14,2021-2025,5,Article III Main goals,13,16,beautiful_china,green modes production living broadly take shape carbon emissions decline steadily reaching peak ecological_environment fundamentally taken turn better goal building,basically achieved new pattern opening outside formed new advantages participating international economic cooperation competition significantly strengthened per-capita gross domestic product,green modes production living broadly take shape carbon emissions decline steadily reaching peak ecological_environment fundamentally taken turn better goal building beautiful_china basically achieved new pattern opening outside formed new advantages participating international economic cooperation competition significantly strengthened per-capita gross domestic product,green modes production living broadly take shape carbon emissions decline steadily reaching peak ecological_environment fundamentally taken turn better goal building [beautiful_china] basically achieved new pattern opening outside formed new advantages participating international economic cooperation competition significantly strengthened per-capita gross domestic product,"PQ14, Article III Main goals (pp. 13-16)",M5: Civilização Ecológica e Transição Verde
PQ14_Cap_05,PQ14,2021-2025,5,Article III Main goals,13,16,common_prosperity,平安 中国 reach new level national_defense_and_armed_forces_modernization basically achieved people's lives better still obvious substantive progress made toward comprehensive human development,main objectives economic social development 14th fiveyear period new results economic development achieved development foundation key solving china's problems development,平安 中国 reach new level national_defense_and_armed_forces_modernization basically achieved people's lives better still obvious substantive progress made toward comprehensive human development common_prosperity main objectives economic social development 14th fiveyear period new results economic development achieved development foundation key solving china's problems development,平安 中国 reach new level national_defense_and_armed_forces_modernization basically achieved people's lives better still obvious substantive progress made toward comprehensive human development [common_prosperity] main objectives economic social development 14th fiveyear period new results economic development achieved development foundation key solving china's problems development,"PQ14, Article III Main goals (pp. 13-16)",M6: Teleologia Nacional e Fins Estruturais
PQ14_Cap_05,PQ14,2021-2025,5,Article III Main goals,13,16,ecological_civilization,system cultural industry system robust people's spiritual cultural lives made continually richer influence culture rise cohesiveness nation strengthened new gains,construction achieved spatial pattern development protection nation's land optimized green_transformation modes production living show striking results allocation energy resources rationalized,system cultural industry system robust people's spiritual cultural lives made continually richer influence culture rise cohesiveness nation strengthened new gains ecological_civilization construction achieved spatial pattern development protection nation's land optimized green_transformation modes production living show striking results allocation energy resources rationalized,system cultural industry system robust people's spiritual cultural lives made continually richer influence culture rise cohesiveness nation strengthened new gains [ecological_civilization] construction achieved spatial pattern development protection nation's land optimized green_transformation modes production living show striking results allocation energy resources rationalized,"PQ14, Article III Main goals (pp. 13-16)",M5: Civilização Ecológica e Transição Verde
PQ14_Cap_07,PQ14,2021-2025,7,Article IV Strengthen the nation's strategic S&T power,17,19,basic_research,varieties crops livestock poultry aquatic products agricultural biologic products 农业 隞 生物 research key biosafety technologies clinical medicine health perform,pathogenesis cancer cardiovascular cerebrovascular respiratory metabolic diseases actively research develop health intervention technology research develop cutting-edge technologies regenerative medicine microbiomes,varieties crops livestock poultry aquatic products agricultural biologic products 农业 隞 生物 research key biosafety technologies clinical medicine health perform basic_research pathogenesis cancer cardiovascular cerebrovascular respiratory metabolic diseases actively research develop health intervention technology research develop cutting-edge technologies regenerative medicine microbiomes,varieties crops livestock poultry aquatic products agricultural biologic products 农业 隞 生物 research key biosafety technologies clinical medicine health perform [basic_research] pathogenesis cancer cardiovascular cerebrovascular respiratory metabolic diseases actively research develop health intervention technology research develop cutting-edge technologies regenerative medicine microbiomes,"PQ14, Article IV Strengthen the nation's strategic S&T power (pp. 17-19)",M2: Autonomia Tecno-Relacional e Modernização
PQ14_Cap_07,PQ14,2021-2025,7,Article IV Strengthen the nation's strategic S&T power,17,19,basic_research,phase ii jiaolong sea exploration 蛟 龙 探 海 phase ii xuelong polar exploration 雪 龙 探 极 unrelentingly strengthen,strengthen driving force applied research encourage free exploration develop implement ten-year action basic_research focus deploying number basic discipline 基础 学科,phase ii jiaolong sea exploration 蛟 龙 探 海 phase ii xuelong polar exploration 雪 龙 探 极 unrelentingly strengthen basic_research strengthen driving force applied research encourage free exploration develop implement ten-year action basic_research focus deploying number basic discipline 基础 学科,phase ii jiaolong sea exploration 蛟 龙 探 海 phase ii xuelong polar exploration 雪 龙 探 极 unrelentingly strengthen [basic_research] strengthen driving force applied research encourage free exploration develop implement ten-year action basic_research focus deploying number basic discipline 基础 学科,"PQ14, Article IV Strengthen the nation's strategic S&T power (pp. 17-19)",M2: Autonomia Tecno-Relacional e Modernização
PQ14_Cap_07,PQ14,2021-2025,7,Article IV Strengthen the nation's strategic S&T power,17,19,basic_research,exploration 雪 龙 探 极 unrelentingly strengthen basic_research strengthen driving force applied research encourage free exploration develop implement ten-year action,focus deploying number basic discipline 基础 学科 research centers increase intensity financial investment basic_research optimize expenditure structure implement tax incentives,exploration 雪 龙 探 极 unrelentingly strengthen basic_research strengthen driving force applied research encourage free exploration develop implement ten-year action basic_research focus deploying number basic discipline 基础 学科 research centers increase intensity financial investment basic_research optimize expenditure structure implement tax incentives,exploration 雪 龙 探 极 unrelentingly strengthen basic_research strengthen driving force applied research encourage free exploration develop implement ten-year action [basic_research] focus deploying number basic discipline 基础 学科 research centers increase intensity financial investment basic_research optimize expenditure structure implement tax incentives,"PQ14, Article IV Strengthen the nation's strategic S&T power (pp. 17-19)",M2: Autonomia Tecno-Relacional e Modernização
PQ14_Cap_07,PQ14,2021-2025,7,Article IV Strengthen the nation's strategic S&T power,17,19,basic_research,free exploration develop implement ten-year action basic_research focus deploying number basic discipline 基础 学科 research centers increase intensity financial investment,optimize expenditure structure implement tax incentives encourage enterprises invest basic_research encourage society invest multiple channels donations fund establishment form continuous,free exploration develop implement ten-year action basic_research focus deploying number basic discipline 基础 学科 research centers increase intensity financial investment basic_research optimize expenditure structure implement tax incentives encourage enterprises invest basic_research encourage society invest multiple channels donations fund establishment form continuous,free exploration develop implement ten-year action basic_research focus deploying number basic discipline 基础 学科 research centers increase intensity financial investment [basic_research] optimize expenditure structure implement tax incentives encourage enterprises invest basic_research encourage society invest multiple channels donations fund establishment form continuous,"PQ14, Article IV Strengthen the nation's strategic S&T power (pp. 17-19)",M2: Autonomia Tecno-Relacional e Modernização
PQ14_Cap_07,PQ14,2021-2025,7,Article IV Strengthen the nation's strategic S&T power,17,19,basic_research,basic discipline 基础 学科 research centers increase intensity financial investment basic_research optimize expenditure structure implement tax incentives encourage enterprises invest,encourage society invest multiple channels donations fund establishment form continuous stable investment mechanism raise proportion basic_research funding portion r d,basic discipline 基础 学科 research centers increase intensity financial investment basic_research optimize expenditure structure implement tax incentives encourage enterprises invest basic_research encourage society invest multiple channels donations fund establishment form continuous stable investment mechanism raise proportion basic_research funding portion r d,basic discipline 基础 学科 research centers increase intensity financial investment basic_research optimize expenditure structure implement tax incentives encourage enterprises invest [basic_research] encourage society invest multiple channels donations fund establishment form continuous stable investment mechanism raise proportion basic_research funding portion r d,"PQ14, Article IV Strengthen the nation's strategic S&T power (pp. 17-19)",M2: Autonomia Tecno-Relacional e Modernização
PQ14_Cap_07,PQ14,2021-2025,7,Article IV Strengthen the nation's strategic S&T power,17,19,basic_research,incentives encourage enterprises invest basic_research encourage society invest multiple channels donations fund establishment form continuous stable investment mechanism raise proportion,funding portion r d funding establish improve evaluation systems incentive mechanisms conform scientific laws conduct long-term evaluations basic_research exploration create,incentives encourage enterprises invest basic_research encourage society invest multiple channels donations fund establishment form continuous stable investment mechanism raise proportion basic_research funding portion r d funding establish improve evaluation systems incentive mechanisms conform scientific laws conduct long-term evaluations basic_research exploration create,incentives encourage enterprises invest basic_research encourage society invest multiple channels donations fund establishment form continuous stable investment mechanism raise proportion [basic_research] funding portion r d funding establish improve evaluation systems incentive mechanisms conform scientific laws conduct long-term evaluations basic_research exploration create,"PQ14, Article IV Strengthen the nation's strategic S&T power (pp. 17-19)",M2: Autonomia Tecno-Relacional e Modernização
PQ14_Cap_07,PQ14,2021-2025,7,Article IV Strengthen the nation's strategic S&T power,17,19,basic_research,raise proportion basic_research funding portion r d funding establish improve evaluation systems incentive mechanisms conform scientific laws conduct long-term evaluations,exploration create positive scientific research ecosystem conducive basic_research establish major technological innovation platforms support formation international s t innovation centers,raise proportion basic_research funding portion r d funding establish improve evaluation systems incentive mechanisms conform scientific laws conduct long-term evaluations basic_research exploration create positive scientific research ecosystem conducive basic_research establish major technological innovation platforms support formation international s t innovation centers,raise proportion basic_research funding portion r d funding establish improve evaluation systems incentive mechanisms conform scientific laws conduct long-term evaluations [basic_research] exploration create positive scientific research ecosystem conducive basic_research establish major technological innovation platforms support formation international s t innovation centers,"PQ14, Article IV Strengthen the nation's strategic S&T power (pp. 17-19)",M2: Autonomia Tecno-Relacional e Modernização
PQ14_Cap_07,PQ14,2021-2025,7,Article IV Strengthen the nation's strategic S&T power,17,19,basic_research,establish improve evaluation systems incentive mechanisms conform scientific laws conduct long-term evaluations basic_research exploration create positive scientific research ecosystem conducive,establish major technological innovation platforms support formation international s t innovation centers beijing shanghai guangdong-hong kong-macau greater bay area build,establish improve evaluation systems incentive mechanisms conform scientific laws conduct long-term evaluations basic_research exploration create positive scientific research ecosystem conducive basic_research establish major technological innovation platforms support formation international s t innovation centers beijing shanghai guangdong-hong kong-macau greater bay area build,establish improve evaluation systems incentive mechanisms conform scientific laws conduct long-term evaluations basic_research exploration create positive scientific research ecosystem conducive [basic_research] establish major technological innovation platforms support formation international s t innovation centers beijing shanghai guangdong-hong kong-macau greater bay area build,"PQ14, Article IV Strengthen the nation's strategic S&T power (pp. 17-19)",M2: Autonomia Tecno-Relacional e Modernização
PQ14_Cap_18,PQ14,2021-2025,18,Article XIII Promoting domestic-international dual circulation,41,41,dual_circulation,xiii promoting domestic-international,based domestic great circulation coordinate promote construction strong domestic market construction trade powerhouse 贸易 强国 form powerful gravitational field attract,xiii promoting domestic-international dual_circulation based domestic great circulation coordinate promote construction strong domestic market construction trade powerhouse 贸易 强国 form powerful gravitational field attract,xiii promoting domestic-international [dual_circulation] based domestic great circulation coordinate promote construction strong domestic market construction trade powerhouse 贸易 强国 form powerful gravitational field attract,"PQ14, Article XIII Promoting domestic-international dual circulation (pp. 41-41)",M3: Governança Global e Projeção Normativa
PQ14_Cap_21,PQ14,2021-2025,21,Article XV Build new advantages in the digital economy,45,45,cybersecurity,code hardware designs application services accelerate promotion digital industrialization cultivate expand emerging digital industries ai big data blockchain cloud computing,improve level communication equipment core electronic components key software industries build 5g-based application scenarios industrial ecosystems carry pilot demonstrations key,code hardware designs application services accelerate promotion digital industrialization cultivate expand emerging digital industries ai big data blockchain cloud computing cybersecurity improve level communication equipment core electronic components key software industries build 5g-based application scenarios industrial ecosystems carry pilot demonstrations key,code hardware designs application services accelerate promotion digital industrialization cultivate expand emerging digital industries ai big data blockchain cloud computing [cybersecurity] improve level communication equipment core electronic components key software industries build 5g-based application scenarios industrial ecosystems carry pilot demonstrations key,"PQ14, Article XV Build new advantages in the digital economy (pp. 45-45)",M1: Securitização Holística e Gestão de Riscos
PQ14_Cap_24,PQ14,2021-2025,24,Article XVIII Create a beneficial digital ecosystem,49,51,cybersecurity,framework autonomous driving online healthcare fintech smart delivery improve laws regulations ethical review rules strengthen statistical monitoring systems digital_economy strengthen,protection improve national cybersecurity laws regulations systems standards strengthen security assurances data resources important networks information systems important areas establish,framework autonomous driving online healthcare fintech smart delivery improve laws regulations ethical review rules strengthen statistical monitoring systems digital_economy strengthen cybersecurity protection improve national cybersecurity laws regulations systems standards strengthen security assurances data resources important networks information systems important areas establish,framework autonomous driving online healthcare fintech smart delivery improve laws regulations ethical review rules strengthen statistical monitoring systems digital_economy strengthen [cybersecurity] protection improve national cybersecurity laws regulations systems standards strengthen security assurances data resources important networks information systems important areas establish,"PQ14, Article XVIII Create a beneficial digital ecosystem (pp. 49-51)",M1: Securitização Holística e Gestão de Riscos
PQ14_Cap_24,PQ14,2021-2025,24,Article XVIII Create a beneficial digital ecosystem,49,51,cybersecurity,healthcare fintech smart delivery improve laws regulations ethical review rules strengthen statistical monitoring systems digital_economy strengthen cybersecurity protection improve national,laws regulations systems standards strengthen security assurances data resources important networks information systems important areas establish improve protection systems critical,healthcare fintech smart delivery improve laws regulations ethical review rules strengthen statistical monitoring systems digital_economy strengthen cybersecurity protection improve national cybersecurity laws regulations systems standards strengthen security assurances data resources important networks information systems important areas establish improve protection systems critical,healthcare fintech smart delivery improve laws regulations ethical review rules strengthen statistical monitoring systems digital_economy strengthen cybersecurity protection improve national [cybersecurity] laws regulations systems standards strengthen security assurances data resources important networks information systems important areas establish improve protection systems critical,"PQ14, Article XVIII Create a beneficial digital ecosystem (pp. 49-51)",M1: Securitização Holística e Gestão de Riscos
PQ14_Cap_24,PQ14,2021-2025,24,Article XVIII Create a beneficial digital ecosystem,49,51,political_security,assurances data resources important networks information systems important areas establish improve protection systems critical information infrastructure improve security protection maintain,政治 安全 capabilities strengthen cybersecurity risk assessment review strengthen construction cybersecurity infrastructure strengthen cross-domain cybersecurity information sharing work collaboration improve,assurances data resources important networks information systems important areas establish improve protection systems critical information infrastructure improve security protection maintain political_security 政治 安全 capabilities strengthen cybersecurity risk assessment review strengthen construction cybersecurity infrastructure strengthen cross-domain cybersecurity information sharing work collaboration improve,assurances data resources important networks information systems important areas establish improve protection systems critical information infrastructure improve security protection maintain [political_security] 政治 安全 capabilities strengthen cybersecurity risk assessment review strengthen construction cybersecurity infrastructure strengthen cross-domain cybersecurity information sharing work collaboration improve,"PQ14, Article XVIII Create a beneficial digital ecosystem (pp. 49-51)",M1: Securitização Holística e Gestão de Riscos
PQ14_Cap_24,PQ14,2021-2025,24,Article XVIII Create a beneficial digital ecosystem,49,51,cybersecurity,information systems important areas establish improve protection systems critical information infrastructure improve security protection maintain political_security 政治 安全 capabilities strengthen,risk assessment review strengthen construction cybersecurity infrastructure strengthen cross-domain cybersecurity information sharing work collaboration improve cybersecurity threat discovery monitoring early,information systems important areas establish improve protection systems critical information infrastructure improve security protection maintain political_security 政治 安全 capabilities strengthen cybersecurity risk assessment review strengthen construction cybersecurity infrastructure strengthen cross-domain cybersecurity information sharing work collaboration improve cybersecurity threat discovery monitoring early,information systems important areas establish improve protection systems critical information infrastructure improve security protection maintain political_security 政治 安全 capabilities strengthen [cybersecurity] risk assessment review strengthen construction cybersecurity infrastructure strengthen cross-domain cybersecurity information sharing work collaboration improve cybersecurity threat discovery monitoring early,"PQ14, Article XVIII Create a beneficial digital ecosystem (pp. 49-51)",M1: Securitização Holística e Gestão de Riscos
PQ14_Cap_24,PQ14,2021-2025,24,Article XVIII Create a beneficial digital ecosystem,49,51,cybersecurity,protection systems critical information infrastructure improve security protection maintain political_security 政治 安全 capabilities strengthen cybersecurity risk assessment review strengthen construction,infrastructure strengthen cross-domain cybersecurity information sharing work collaboration improve cybersecurity threat discovery monitoring early warning emergency command attack tracing capabilities,protection systems critical information infrastructure improve security protection maintain political_security 政治 安全 capabilities strengthen cybersecurity risk assessment review strengthen construction cybersecurity infrastructure strengthen cross-domain cybersecurity information sharing work collaboration improve cybersecurity threat discovery monitoring early warning emergency command attack tracing capabilities,protection systems critical information infrastructure improve security protection maintain political_security 政治 安全 capabilities strengthen cybersecurity risk assessment review strengthen construction [cybersecurity] infrastructure strengthen cross-domain cybersecurity information sharing work collaboration improve cybersecurity threat discovery monitoring early warning emergency command attack tracing capabilities,"PQ14, Article XVIII Create a beneficial digital ecosystem (pp. 49-51)",M1: Securitização Holística e Gestão de Riscos
PQ14_Cap_24,PQ14,2021-2025,24,Article XVIII Create a beneficial digital ecosystem,49,51,cybersecurity,infrastructure improve security protection maintain political_security 政治 安全 capabilities strengthen cybersecurity risk assessment review strengthen construction cybersecurity infrastructure strengthen cross-domain,information sharing work collaboration improve cybersecurity threat discovery monitoring early warning emergency command attack tracing capabilities strengthen r d key,infrastructure improve security protection maintain political_security 政治 安全 capabilities strengthen cybersecurity risk assessment review strengthen construction cybersecurity infrastructure strengthen cross-domain cybersecurity information sharing work collaboration improve cybersecurity threat discovery monitoring early warning emergency command attack tracing capabilities strengthen r d key,infrastructure improve security protection maintain political_security 政治 安全 capabilities strengthen cybersecurity risk assessment review strengthen construction cybersecurity infrastructure strengthen cross-domain [cybersecurity] information sharing work collaboration improve cybersecurity threat discovery monitoring early warning emergency command attack tracing capabilities strengthen r d key,"PQ14, Article XVIII Create a beneficial digital ecosystem (pp. 49-51)",M1: Securitização Holística e Gestão de Riscos
PQ14_Cap_24,PQ14,2021-2025,24,Article XVIII Create a beneficial digital ecosystem,49,51,cybersecurity,政治 安全 capabilities strengthen cybersecurity risk assessment review strengthen construction cybersecurity infrastructure strengthen cross-domain cybersecurity information sharing work collaboration improve,threat discovery monitoring early warning emergency command attack tracing capabilities strengthen r d key cybersecurity technologies accelerate innovation ai security,政治 安全 capabilities strengthen cybersecurity risk assessment review strengthen construction cybersecurity infrastructure strengthen cross-domain cybersecurity information sharing work collaboration improve cybersecurity threat discovery monitoring early warning emergency command attack tracing capabilities strengthen r d key cybersecurity technologies accelerate innovation ai security,政治 安全 capabilities strengthen cybersecurity risk assessment review strengthen construction cybersecurity infrastructure strengthen cross-domain cybersecurity information sharing work collaboration improve [cybersecurity] threat discovery monitoring early warning emergency command attack tracing capabilities strengthen r d key cybersecurity technologies accelerate innovation ai security,"PQ14, Article XVIII Create a beneficial digital ecosystem (pp. 49-51)",M1: Securitização Holística e Gestão de Riscos
PQ14_Cap_24,PQ14,2021-2025,24,Article XVIII Create a beneficial digital ecosystem,49,51,cybersecurity,information sharing work collaboration improve cybersecurity threat discovery monitoring early warning emergency command attack tracing capabilities strengthen r d key,technologies accelerate innovation ai security technology enhance comprehensive competitiveness cybersecurity industry strengthen cybersecurity propaganda education talent training promote construction community,information sharing work collaboration improve cybersecurity threat discovery monitoring early warning emergency command attack tracing capabilities strengthen r d key cybersecurity technologies accelerate innovation ai security technology enhance comprehensive competitiveness cybersecurity industry strengthen cybersecurity propaganda education talent training promote construction community,information sharing work collaboration improve cybersecurity threat discovery monitoring early warning emergency command attack tracing capabilities strengthen r d key [cybersecurity] technologies accelerate innovation ai security technology enhance comprehensive competitiveness cybersecurity industry strengthen cybersecurity propaganda education talent training promote construction community,"PQ14, Article XVIII Create a beneficial digital ecosystem (pp. 49-51)",M1: Securitização Holística e Gestão de Riscos
PQ14_Cap_24,PQ14,2021-2025,24,Article XVIII Create a beneficial digital ecosystem,49,51,cybersecurity,warning emergency command attack tracing capabilities strengthen r d key cybersecurity technologies accelerate innovation ai security technology enhance comprehensive competitiveness,industry strengthen cybersecurity propaganda education talent training promote construction community common_destiny cyberspace 网络 空间 命运 共同 体 promote international exchanges,warning emergency command attack tracing capabilities strengthen r d key cybersecurity technologies accelerate innovation ai security technology enhance comprehensive competitiveness cybersecurity industry strengthen cybersecurity propaganda education talent training promote construction community common_destiny cyberspace 网络 空间 命运 共同 体 promote international exchanges,warning emergency command attack tracing capabilities strengthen r d key cybersecurity technologies accelerate innovation ai security technology enhance comprehensive competitiveness [cybersecurity] industry strengthen cybersecurity propaganda education talent training promote construction community common_destiny cyberspace 网络 空间 命运 共同 体 promote international exchanges,"PQ14, Article XVIII Create a beneficial digital ecosystem (pp. 49-51)",M1: Securitização Holística e Gestão de Riscos
PQ14_Cap_24,PQ14,2021-2025,24,Article XVIII Create a beneficial digital ecosystem,49,51,cybersecurity,attack tracing capabilities strengthen r d key cybersecurity technologies accelerate innovation ai security technology enhance comprehensive competitiveness cybersecurity industry strengthen,propaganda education talent training promote construction community common_destiny cyberspace 网络 空间 命运 共同 体 promote international exchanges cooperation cyberspace promote,attack tracing capabilities strengthen r d key cybersecurity technologies accelerate innovation ai security technology enhance comprehensive competitiveness cybersecurity industry strengthen cybersecurity propaganda education talent training promote construction community common_destiny cyberspace 网络 空间 命运 共同 体 promote international exchanges cooperation cyberspace promote,attack tracing capabilities strengthen r d key cybersecurity technologies accelerate innovation ai security technology enhance comprehensive competitiveness cybersecurity industry strengthen [cybersecurity] propaganda education talent training promote construction community common_destiny cyberspace 网络 空间 命运 共同 体 promote international exchanges cooperation cyberspace promote,"PQ14, Article XVIII Create a beneficial digital ecosystem (pp. 49-51)",M1: Securitização Holística e Gestão de Riscos
PQ14_Cap_24,PQ14,2021-2025,24,Article XVIII Create a beneficial digital ecosystem,49,51,cybersecurity,resource governance mechanisms actively participate formulation international rules digital technology standards areas data_security digital currency digital taxes promote construction global,assurance cooperation mechanisms establish international coordination cooperation mechanisms protecting data factors production handling cybersecurity incidents combating cybercrimes provide technology equipment,resource governance mechanisms actively participate formulation international rules digital technology standards areas data_security digital currency digital taxes promote construction global cybersecurity assurance cooperation mechanisms establish international coordination cooperation mechanisms protecting data factors production handling cybersecurity incidents combating cybercrimes provide technology equipment,resource governance mechanisms actively participate formulation international rules digital technology standards areas data_security digital currency digital taxes promote construction global [cybersecurity] assurance cooperation mechanisms establish international coordination cooperation mechanisms protecting data factors production handling cybersecurity incidents combating cybercrimes provide technology equipment,"PQ14, Article XVIII Create a beneficial digital ecosystem (pp. 49-51)",M1: Securitização Holística e Gestão de Riscos
PQ14_Cap_24,PQ14,2021-2025,24,Article XVIII Create a beneficial digital ecosystem,49,51,cybersecurity,currency digital taxes promote construction global cybersecurity assurance cooperation mechanisms establish international coordination cooperation mechanisms protecting data factors production handling,incidents combating cybercrimes provide technology equipment services digital assistance underdeveloped countries allow countries share dividends digital age actively promote online,currency digital taxes promote construction global cybersecurity assurance cooperation mechanisms establish international coordination cooperation mechanisms protecting data factors production handling cybersecurity incidents combating cybercrimes provide technology equipment services digital assistance underdeveloped countries allow countries share dividends digital age actively promote online,currency digital taxes promote construction global cybersecurity assurance cooperation mechanisms establish international coordination cooperation mechanisms protecting data factors production handling [cybersecurity] incidents combating cybercrimes provide technology equipment services digital assistance underdeveloped countries allow countries share dividends digital age actively promote online,"PQ14, Article XVIII Create a beneficial digital ecosystem (pp. 49-51)",M1: Securitização Holística e Gestão de Riscos
PQ14_Cap_26,PQ14,2021-2025,26,Article XIX Stimulate the vitality of various market entities,52,54,party_leadership,guidance optimization structural adjustment state-owned sector encourage soes improve modern enterprise system characteristics adhere party's overall leadership soes promote strengthening,improve unification corporate governance accelerate establishment corporate governance mechanisms featuring statutory rights responsibilities transparent rights responsibilities coordinated operations effective checks,guidance optimization structural adjustment state-owned sector encourage soes improve modern enterprise system characteristics adhere party's overall leadership soes promote strengthening party_leadership improve unification corporate governance accelerate establishment corporate governance mechanisms featuring statutory rights responsibilities transparent rights responsibilities coordinated operations effective checks,guidance optimization structural adjustment state-owned sector encourage soes improve modern enterprise system characteristics adhere party's overall leadership soes promote strengthening [party_leadership] improve unification corporate governance accelerate establishment corporate governance mechanisms featuring statutory rights responsibilities transparent rights responsibilities coordinated operations effective checks,"PQ14, Article XIX Stimulate the vitality of various market entities (pp. 52-54)",M4: Liderança Estratégica e Capacidade Central
PQ14_Cap_26,PQ14,2021-2025,26,Article XIX Stimulate the vitality of various market entities,52,54,basic_research,enterprises reform innovate improve operational capabilities management levels guide qualified private enterprises establish modern enterprise systems support private enterprises carry,technological innovation participate r d key core technologies tackle key problems major national s t projects improve mechanisms private enterprises,enterprises reform innovate improve operational capabilities management levels guide qualified private enterprises establish modern enterprise systems support private enterprises carry basic_research technological innovation participate r d key core technologies tackle key problems major national s t projects improve mechanisms private enterprises,enterprises reform innovate improve operational capabilities management levels guide qualified private enterprises establish modern enterprise systems support private enterprises carry [basic_research] technological innovation participate r d key core technologies tackle key problems major national s t projects improve mechanisms private enterprises,"PQ14, Article XIX Stimulate the vitality of various market entities (pp. 52-54)",M2: Autonomia Tecno-Relacional e Modernização
PQ14_Cap_41,PQ14,2021-2025,41,Article XXXI Implement major regional strategies in an in-depth manner,77,82,basic_research,xianghe dachang promote high-quality_development tianjin's binhai new area support construction zhangjiakou capital water conservation functional zone ecological_environment supporting zone improve,original innovation 原始 创新 capabilities beijing science_and_technology innovation center give full play pioneering role zhongguancun national independent innovation 自主 创新,xianghe dachang promote high-quality_development tianjin's binhai new area support construction zhangjiakou capital water conservation functional zone ecological_environment supporting zone improve basic_research original innovation 原始 创新 capabilities beijing science_and_technology innovation center give full play pioneering role zhongguancun national independent innovation 自主 创新,xianghe dachang promote high-quality_development tianjin's binhai new area support construction zhangjiakou capital water conservation functional zone ecological_environment supporting zone improve [basic_research] original innovation 原始 创新 capabilities beijing science_and_technology innovation center give full play pioneering role zhongguancun national independent innovation 自主 创新,"PQ14, Article XXXI Implement major regional strategies in an in-depth manner (pp. 77-82)",M2: Autonomia Tecno-Relacional e Modernização
PQ14_Cap_41,PQ14,2021-2025,41,Article XXXI Implement major regional strategies in an in-depth manner,77,82,beautiful_china,yangtze river economic belt adhere ecological priority green_development joint efforts protect avoid major development cooperate promote environmental_protection economic development create,model harmonious coexistence humans nature continue promote rectification outstanding problems ecological_environment promote unit-based refined zoned management control entire yangtze river,yangtze river economic belt adhere ecological priority green_development joint efforts protect avoid major development cooperate promote environmental_protection economic development create beautiful_china model harmonious coexistence humans nature continue promote rectification outstanding problems ecological_environment promote unit-based refined zoned management control entire yangtze river,yangtze river economic belt adhere ecological priority green_development joint efforts protect avoid major development cooperate promote environmental_protection economic development create [beautiful_china] model harmonious coexistence humans nature continue promote rectification outstanding problems ecological_environment promote unit-based refined zoned management control entire yangtze river,"PQ14, Article XXXI Implement major regional strategies in an in-depth manner (pp. 77-82)",M5: Civilização Ecológica e Transição Verde
PQ14_Cap_42,PQ14,2021-2025,42,Article XXXII Implement regional coordinated development strategies in an,83,86,common_prosperity,system support shenzhen building pioneering demonstration zone socialism characteristics pudong building leading zone socialist_modernization zhejiang highquality development construction demonstration zone,promote construction comprehensive pilot zone new old dynamic conversion18 shandong support development special types regions promote revitalization old revolutionary areas,system support shenzhen building pioneering demonstration zone socialism characteristics pudong building leading zone socialist_modernization zhejiang highquality development construction demonstration zone common_prosperity promote construction comprehensive pilot zone new old dynamic conversion18 shandong support development special types regions promote revitalization old revolutionary areas,system support shenzhen building pioneering demonstration zone socialism characteristics pudong building leading zone socialist_modernization zhejiang highquality development construction demonstration zone [common_prosperity] promote construction comprehensive pilot zone new old dynamic conversion18 shandong support development special types regions promote revitalization old revolutionary areas,"PQ14, Article XXXII Implement regional coordinated development strategies in an (pp. 83-86)",M6: Teleologia Nacional e Fins Estruturais
PQ14_Cap_45,PQ14,2021-2025,45,Article XXXIV Raise the level of social civilization (社会文明),88,89,xi_jinping_thought,attitudes 精神 面貌 cultural currents behavioral norms respond needs new era promote normalization institutionalization education ideals beliefs intensify study education,socialism_with_chinese_characteristics_for_a_new_era strengthen work systems arming whole party educating people party's innovative theories establish improve system long-term mechanism remain true original,attitudes 精神 面貌 cultural currents behavioral norms respond needs new era promote normalization institutionalization education ideals beliefs intensify study education xi_jinping_thought socialism_with_chinese_characteristics_for_a_new_era strengthen work systems arming whole party educating people party's innovative theories establish improve system long-term mechanism remain true original,attitudes 精神 面貌 cultural currents behavioral norms respond needs new era promote normalization institutionalization education ideals beliefs intensify study education [xi_jinping_thought] socialism_with_chinese_characteristics_for_a_new_era strengthen work systems arming whole party educating people party's innovative theories establish improve system long-term mechanism remain true original,"PQ14, Article XXXIV Raise the level of social civilization (社会文明) (pp. 88-89)",M4: Liderança Estratégica e Capacidade Central
PQ14_Cap_45,PQ14,2021-2025,45,Article XXXIV Raise the level of social civilization (社会文明),88,89,chinese_dream,intention keep mission firmly mind 不忘 初心 牢记 使命 strengthen improve ideological political work continue carry propaganda education socialism characteristics,strengthen education history party history new history reform opening history socialist development strengthen education patriotism collectivism socialism strengthen research interpretation,intention keep mission firmly mind 不忘 初心 牢记 使命 strengthen improve ideological political work continue carry propaganda education socialism characteristics chinese_dream strengthen education history party history new history reform opening history socialist development strengthen education patriotism collectivism socialism strengthen research interpretation,intention keep mission firmly mind 不忘 初心 牢记 使命 strengthen improve ideological political work continue carry propaganda education socialism characteristics [chinese_dream] strengthen education history party history new history reform opening history socialist development strengthen education patriotism collectivism socialism strengthen research interpretation,"PQ14, Article XXXIV Raise the level of social civilization (社会文明) (pp. 88-89)",M6: Teleologia Nacional e Fins Estruturais
PQ14_Cap_45,PQ14,2021-2025,45,Article XXXIV Raise the level of social civilization (社会文明),88,89,xi_jinping_thought,education ideals beliefs grasp joint management mechanism develop philosophy social sciences characteristics strengthen holistic systematic research publication dissemination propaganda interpretation,socialism_with_chinese_characteristics_for_a_new_era promote sinicization modernization popularization marxism implement marxist theoretical research construction projects in-depth manner promote construction research center institute xi_jinping_thought,education ideals beliefs grasp joint management mechanism develop philosophy social sciences characteristics strengthen holistic systematic research publication dissemination propaganda interpretation xi_jinping_thought socialism_with_chinese_characteristics_for_a_new_era promote sinicization modernization popularization marxism implement marxist theoretical research construction projects in-depth manner promote construction research center institute xi_jinping_thought,education ideals beliefs grasp joint management mechanism develop philosophy social sciences characteristics strengthen holistic systematic research publication dissemination propaganda interpretation [xi_jinping_thought] socialism_with_chinese_characteristics_for_a_new_era promote sinicization modernization popularization marxism implement marxist theoretical research construction projects in-depth manner promote construction research center institute xi_jinping_thought,"PQ14, Article XXXIV Raise the level of social civilization (社会文明) (pp. 88-89)",M4: Liderança Estratégica e Capacidade Central
PQ14_Cap_45,PQ14,2021-2025,45,Article XXXIV Raise the level of social civilization (社会文明),88,89,xi_jinping_thought,xi_jinping_thought socialism_with_chinese_characteristics_for_a_new_era promote sinicization modernization popularization marxism implement marxist theoretical research construction projects in-depth manner promote construction research center institute,socialism_with_chinese_characteristics_for_a_new_era research center theory system socialism characteristics build make good use learning platforms xuexi qiangguo construct curricula systems academic systems,xi_jinping_thought socialism_with_chinese_characteristics_for_a_new_era promote sinicization modernization popularization marxism implement marxist theoretical research construction projects in-depth manner promote construction research center institute xi_jinping_thought socialism_with_chinese_characteristics_for_a_new_era research center theory system socialism characteristics build make good use learning platforms xuexi qiangguo construct curricula systems academic systems,xi_jinping_thought socialism_with_chinese_characteristics_for_a_new_era promote sinicization modernization popularization marxism implement marxist theoretical research construction projects in-depth manner promote construction research center institute [xi_jinping_thought] socialism_with_chinese_characteristics_for_a_new_era research center theory system socialism characteristics build make good use learning platforms xuexi qiangguo construct curricula systems academic systems,"PQ14, Article XXXIV Raise the level of social civilization (社会文明) (pp. 88-89)",M4: Liderança Estratégica e Capacidade Central
PQ14_Cap_47,PQ14,2021-2025,47,Article XXXVI Improve the modern cultural industry system,92,93,xi_jinping_thought,cultural prosperity development projects publish disseminate theory socialism characteristics edit publish series theoretical readings xi jinping governance questions answers study,socialism_with_chinese_characteristics_for_a_new_era study outlines different fields edit publish classic textbooks history party history new history reform opening history socialist development strengthen,cultural prosperity development projects publish disseminate theory socialism characteristics edit publish series theoretical readings xi jinping governance questions answers study xi_jinping_thought socialism_with_chinese_characteristics_for_a_new_era study outlines different fields edit publish classic textbooks history party history new history reform opening history socialist development strengthen,cultural prosperity development projects publish disseminate theory socialism characteristics edit publish series theoretical readings xi jinping governance questions answers study [xi_jinping_thought] socialism_with_chinese_characteristics_for_a_new_era study outlines different fields edit publish classic textbooks history party history new history reform opening history socialist development strengthen,"PQ14, Article XXXVI Improve the modern cultural industry system (pp. 92-93)",M4: Liderança Estratégica e Capacidade Central
PQ14_Cap_48,PQ14,2021-2025,48,Part Eleven Promote green development and facilitate the harmonious coexistence,93,93,ecological_civilization,path prosperity adhere respect conformity nature adhere priorities conservation protection nature restoration implement sustainable_development strategy improve overall coordination mechanisms field,生态 文 明 build ecological_civilization system promote comprehensive green_transformation economic social development build beautiful_china,path prosperity adhere respect conformity nature adhere priorities conservation protection nature restoration implement sustainable_development strategy improve overall coordination mechanisms field ecological_civilization 生态 文 明 build ecological_civilization system promote comprehensive green_transformation economic social development build beautiful_china,path prosperity adhere respect conformity nature adhere priorities conservation protection nature restoration implement sustainable_development strategy improve overall coordination mechanisms field [ecological_civilization] 生态 文 明 build ecological_civilization system promote comprehensive green_transformation economic social development build beautiful_china,"PQ14, Part Eleven Promote green development and facilitate the harmonious coexistence (pp. 93-93)",M5: Civilização Ecológica e Transição Verde
PQ14_Cap_48,PQ14,2021-2025,48,Part Eleven Promote green development and facilitate the harmonious coexistence,93,93,ecological_civilization,nature adhere priorities conservation protection nature restoration implement sustainable_development strategy improve overall coordination mechanisms field ecological_civilization 生态 文 明 build,system promote comprehensive green_transformation economic social development build beautiful_china,nature adhere priorities conservation protection nature restoration implement sustainable_development strategy improve overall coordination mechanisms field ecological_civilization 生态 文 明 build ecological_civilization system promote comprehensive green_transformation economic social development build beautiful_china,nature adhere priorities conservation protection nature restoration implement sustainable_development strategy improve overall coordination mechanisms field ecological_civilization 生态 文 明 build [ecological_civilization] system promote comprehensive green_transformation economic social development build beautiful_china,"PQ14, Part Eleven Promote green development and facilitate the harmonious coexistence (pp. 93-93)",M5: Civilização Ecológica e Transição Verde
PQ14_Cap_48,PQ14,2021-2025,48,Part Eleven Promote green development and facilitate the harmonious coexistence,93,93,beautiful_china,strategy improve overall coordination mechanisms field ecological_civilization 生态 文 明 build ecological_civilization system promote comprehensive green_transformation economic social development build,NA,strategy improve overall coordination mechanisms field ecological_civilization 生态 文 明 build ecological_civilization system promote comprehensive green_transformation economic social development build beautiful_china,strategy improve overall coordination mechanisms field ecological_civilization 生态 文 明 build ecological_civilization system promote comprehensive green_transformation economic social development build [beautiful_china] ,"PQ14, Part Eleven Promote green development and facilitate the harmonious coexistence (pp. 93-93)",M5: Civilização Ecológica e Transição Verde
PQ14_Cap_50,PQ14,2021-2025,50,Article XXVIII Continue to improve environmental quality,98,100,carbon_neutrality,industry construction transportation in-depth manner increase controls greenhouse gases methane hydrofluorocarbons perfluorocarbons improve carbon sink capacity ecosystem focus efforts achieving,adopt forceful policies measures strengthen observation assessment impact global warming vulnerable regions improve ability urban rural construction agricultural production infrastructure,industry construction transportation in-depth manner increase controls greenhouse gases methane hydrofluorocarbons perfluorocarbons improve carbon sink capacity ecosystem focus efforts achieving carbon_neutrality adopt forceful policies measures strengthen observation assessment impact global warming vulnerable regions improve ability urban rural construction agricultural production infrastructure,industry construction transportation in-depth manner increase controls greenhouse gases methane hydrofluorocarbons perfluorocarbons improve carbon sink capacity ecosystem focus efforts achieving [carbon_neutrality] adopt forceful policies measures strengthen observation assessment impact global warming vulnerable regions improve ability urban rural construction agricultural production infrastructure,"PQ14, Article XXVIII Continue to improve environmental quality (pp. 98-100)",M5: Civilização Ecológica e Transição Verde
PQ14_Cap_51,PQ14,2021-2025,51,Article XXXIX Accelerate the green transformation of the development model,101,103,ecological_civilization,improve energy water efficiency pace-setter 领 跑 者 system strengthen water use quota management industries high water consumption deepen construction,pilot areas promote in-depth manner construction comprehensive reform pilot zone transformation national resource-based economy shanxi comprehensive reform pilot project energy,improve energy water efficiency pace-setter 领 跑 者 system strengthen water use quota management industries high water consumption deepen construction ecological_civilization pilot areas promote in-depth manner construction comprehensive reform pilot zone transformation national resource-based economy shanxi comprehensive reform pilot project energy,improve energy water efficiency pace-setter 领 跑 者 system strengthen water use quota management industries high water consumption deepen construction [ecological_civilization] pilot areas promote in-depth manner construction comprehensive reform pilot zone transformation national resource-based economy shanxi comprehensive reform pilot project energy,"PQ14, Article XXXIX Accelerate the green transformation of the development model (pp. 101-103)",M5: Civilização Ecológica e Transição Verde
PQ14_Cap_53,PQ14,2021-2025,53,Article XL Construct a higher-level new open economy system,105,106,institutional_opening_up,system comprehensively improve level opening outside promote liberalization facilitation trade investment continue deepen opening commodity factor production flows steadily expand,rules regulations management standards accelerate advancement institutional opening construct institutional system regulatory model line prevailing international rules strengthen pre-access domestic,system comprehensively improve level opening outside promote liberalization facilitation trade investment continue deepen opening commodity factor production flows steadily expand institutional_opening_up rules regulations management standards accelerate advancement institutional opening construct institutional system regulatory model line prevailing international rules strengthen pre-access domestic,system comprehensively improve level opening outside promote liberalization facilitation trade investment continue deepen opening commodity factor production flows steadily expand [institutional_opening_up] rules regulations management standards accelerate advancement institutional opening construct institutional system regulatory model line prevailing international rules strengthen pre-access domestic,"PQ14, Article XL Construct a higher-level new open economy system (pp. 105-106)",M3: Governança Global e Projeção Normativa
PQ14_Cap_54,PQ14,2021-2025,54,Article XLI Promote high-quality “Belt and Road” development,107,107,belt_and_road_initiative,higher level expand fields rule linkage strengthen rule-linkage cooperation fields financing trade energy digital information agriculture promote effective linkage synergy,regional international development agendas promote interconnectivity interoperability infrastructure promote four-in-one 四位 一体 connection land sea sky cyber take six corridors,higher level expand fields rule linkage strengthen rule-linkage cooperation fields financing trade energy digital information agriculture promote effective linkage synergy belt_and_road_initiative regional international development agendas promote interconnectivity interoperability infrastructure promote four-in-one 四位 一体 connection land sea sky cyber take six corridors,higher level expand fields rule linkage strengthen rule-linkage cooperation fields financing trade energy digital information agriculture promote effective linkage synergy [belt_and_road_initiative] regional international development agendas promote interconnectivity interoperability infrastructure promote four-in-one 四位 一体 connection land sea sky cyber take six corridors,"PQ14, Article XLI Promote high-quality “Belt and Road” development (pp. 107-107)",M3: Governança Global e Projeção Normativa
PQ14_Cap_57,PQ14,2021-2025,57,Article XLIII Construct a high-quality education system,110,112,basic_research,high-level vocational schools high-level majors support construction number excellent secondary vocational schools high-quality majors higher education strengthen double world-class construction,collaborative innovation capabilities colleges universities improve operating conditions undergraduate colleges universities central western regions lay build number high-level public health,high-level vocational schools high-level majors support construction number excellent secondary vocational schools high-quality majors higher education strengthen double world-class construction basic_research collaborative innovation capabilities colleges universities improve operating conditions undergraduate colleges universities central western regions lay build number high-level public health,high-level vocational schools high-level majors support construction number excellent secondary vocational schools high-quality majors higher education strengthen double world-class construction [basic_research] collaborative innovation capabilities colleges universities improve operating conditions undergraduate colleges universities central western regions lay build number high-level public health,"PQ14, Article XLIII Construct a high-quality education system (pp. 110-112)",M2: Autonomia Tecno-Relacional e Modernização
PQ14_Cap_60,PQ14,2021-2025,60,Part Fourteen Enhance the people's livelihoods and well-being and raise the,119,119,common_prosperity,system strengthen inclusive basic comprehensive construction people's livelihoods improve social governance systems featuring co-construction co-governance sharing develop action agenda promote,consciously take initiative narrow regional urban-rural income gaps let fruits development benefit people greater benefits fairness continuously enhance people's sense,system strengthen inclusive basic comprehensive construction people's livelihoods improve social governance systems featuring co-construction co-governance sharing develop action agenda promote common_prosperity consciously take initiative narrow regional urban-rural income gaps let fruits development benefit people greater benefits fairness continuously enhance people's sense,system strengthen inclusive basic comprehensive construction people's livelihoods improve social governance systems featuring co-construction co-governance sharing develop action agenda promote [common_prosperity] consciously take initiative narrow regional urban-rural income gaps let fruits development benefit people greater benefits fairness continuously enhance people's sense,"PQ14, Part Fourteen Enhance the people's livelihoods and well-being and raise the (pp. 119-119)",M6: Teleologia Nacional e Fins Estruturais
PQ14_Cap_63,PQ14,2021-2025,63,Article XLVIII Optimize the income distribution structure,123,123,common_prosperity,growth citizens growth economy increase labor compensation increase labor productivity continue increase income low-income groups expand middle-income group actively promote,expand channels citizen income growth adhere distribution according labor 按劳分配 mainstay multiple modes distribution coexisting increase share labor compensation primary,growth citizens growth economy increase labor compensation increase labor productivity continue increase income low-income groups expand middle-income group actively promote common_prosperity expand channels citizen income growth adhere distribution according labor 按劳分配 mainstay multiple modes distribution coexisting increase share labor compensation primary,growth citizens growth economy increase labor compensation increase labor productivity continue increase income low-income groups expand middle-income group actively promote [common_prosperity] expand channels citizen income growth adhere distribution according labor 按劳分配 mainstay multiple modes distribution coexisting increase share labor compensation primary,"PQ14, Article XLVIII Optimize the income distribution structure (pp. 123-123)",M6: Teleologia Nacional e Fins Estruturais
PQ14_Cap_66,PQ14,2021-2025,66,Article LI Construct a new pattern of grassroots social governance,128,132,cybersecurity,power supplies important users build power emergency command systems large-scale hydropower station safety emergency management platforms build electric power industry,simulation verification environments cybersecurity situational awareness platforms new round breakthrough strategic initiatives prospecting carry basic geological surveys select 100–200 prospecting,power supplies important users build power emergency command systems large-scale hydropower station safety emergency management platforms build electric power industry cybersecurity simulation verification environments cybersecurity situational awareness platforms new round breakthrough strategic initiatives prospecting carry basic geological surveys select 100–200 prospecting,power supplies important users build power emergency command systems large-scale hydropower station safety emergency management platforms build electric power industry [cybersecurity] simulation verification environments cybersecurity situational awareness platforms new round breakthrough strategic initiatives prospecting carry basic geological surveys select 100–200 prospecting,"PQ14, Article LI Construct a new pattern of grassroots social governance (pp. 128-132)",M1: Securitização Holística e Gestão de Riscos
PQ14_Cap_66,PQ14,2021-2025,66,Article LI Construct a new pattern of grassroots social governance,128,132,cybersecurity,build power emergency command systems large-scale hydropower station safety emergency management platforms build electric power industry cybersecurity simulation verification environments,situational awareness platforms new round breakthrough strategic initiatives prospecting carry basic geological surveys select 100–200 prospecting areas oil gas uranium,build power emergency command systems large-scale hydropower station safety emergency management platforms build electric power industry cybersecurity simulation verification environments cybersecurity situational awareness platforms new round breakthrough strategic initiatives prospecting carry basic geological surveys select 100–200 prospecting areas oil gas uranium,build power emergency command systems large-scale hydropower station safety emergency management platforms build electric power industry cybersecurity simulation verification environments [cybersecurity] situational awareness platforms new round breakthrough strategic initiatives prospecting carry basic geological surveys select 100–200 prospecting areas oil gas uranium,"PQ14, Article LI Construct a new pattern of grassroots social governance (pp. 128-132)",M1: Securitização Holística e Gestão de Riscos
PQ14_Cap_67,PQ14,2021-2025,67,Article LIV Comprehensively improve public safety assurance capabilities,133,134,emergency_management_system,risk assessment mechanism promote implementation biosafety law strengthen international cooperation field biosafety actively participate formulation international regulations biosafety improve national,build emergency_management_system featuring unified command specialized approaches 专 常 兼 备 responsiveness flexibility top-to-bottom linkages optimize construction national emergency management,risk assessment mechanism promote implementation biosafety law strengthen international cooperation field biosafety actively participate formulation international regulations biosafety improve national emergency_management_system build emergency_management_system featuring unified command specialized approaches 专 常 兼 备 responsiveness flexibility top-to-bottom linkages optimize construction national emergency management,risk assessment mechanism promote implementation biosafety law strengthen international cooperation field biosafety actively participate formulation international regulations biosafety improve national [emergency_management_system] build emergency_management_system featuring unified command specialized approaches 专 常 兼 备 responsiveness flexibility top-to-bottom linkages optimize construction national emergency management,"PQ14, Article LIV Comprehensively improve public safety assurance capabilities (pp. 133-134)",M1: Securitização Holística e Gestão de Riscos
PQ14_Cap_67,PQ14,2021-2025,67,Article LIV Comprehensively improve public safety assurance capabilities,133,134,emergency_management_system,mechanism promote implementation biosafety law strengthen international cooperation field biosafety actively participate formulation international regulations biosafety improve national emergency_management_system build,featuring unified command specialized approaches 专 常 兼 备 responsiveness flexibility top-to-bottom linkages optimize construction national emergency management capacity system,mechanism promote implementation biosafety law strengthen international cooperation field biosafety actively participate formulation international regulations biosafety improve national emergency_management_system build emergency_management_system featuring unified command specialized approaches 专 常 兼 备 responsiveness flexibility top-to-bottom linkages optimize construction national emergency management capacity system,mechanism promote implementation biosafety law strengthen international cooperation field biosafety actively participate formulation international regulations biosafety improve national emergency_management_system build [emergency_management_system] featuring unified command specialized approaches 专 常 兼 备 responsiveness flexibility top-to-bottom linkages optimize construction national emergency management capacity system,"PQ14, Article LIV Comprehensively improve public safety assurance capabilities (pp. 133-134)",M1: Securitização Holística e Gestão de Riscos
PQ14_Cap_69,PQ14,2021-2025,69,Part Sixteen Accelerate national defense and armed forces modernization and,136,136,xi_jinping_thought,sixteen accelerate national_defense_and_armed_forces_modernization achieve mutual unity rich country strong military implement,building strong military 习 近平 强 军 思 想 implement military strategic directive new era 新时代 军事 战略 方针 persist,sixteen accelerate national_defense_and_armed_forces_modernization achieve mutual unity rich country strong military implement xi_jinping_thought building strong military 习 近平 强 军 思 想 implement military strategic directive new era 新时代 军事 战略 方针 persist,sixteen accelerate national_defense_and_armed_forces_modernization achieve mutual unity rich country strong military implement [xi_jinping_thought] building strong military 习 近平 强 军 思 想 implement military strategic directive new era 新时代 军事 战略 方针 persist,"PQ14, Part Sixteen Accelerate national defense and armed forces modernization and (pp. 136-136)",M4: Liderança Estratégica e Capacidade Central
PQ14_Cap_73,PQ14,2021-2025,73,Article LVIII Develop socialist democracy,138,138,common_prosperity,implement party's ethnic policy adhere refine system regional ethnic autonomy forge strong community consciousness nation promote nationalities common unity struggle,development implement party's basic guiding principles religious work adhere direction sinicization china’s religions actively guide mutual adaptation religions socialist society,implement party's ethnic policy adhere refine system regional ethnic autonomy forge strong community consciousness nation promote nationalities common unity struggle common_prosperity development implement party's basic guiding principles religious work adhere direction sinicization china’s religions actively guide mutual adaptation religions socialist society,implement party's ethnic policy adhere refine system regional ethnic autonomy forge strong community consciousness nation promote nationalities common unity struggle [common_prosperity] development implement party's basic guiding principles religious work adhere direction sinicization china’s religions actively guide mutual adaptation religions socialist society,"PQ14, Article LVIII Develop socialist democracy (pp. 138-138)",M6: Teleologia Nacional e Fins Estruturais
PQ14_Cap_76,PQ14,2021-2025,76,"Part Eighteen Adhere to “One Country, Two Systems” and promote the",140,140,great_rejuvenation_of_the_chinese_nation,systems promote reunification motherland maintain long-term prosperity stability hong kong macau promote peaceful_development cross-strait relations reunification motherland create bright future,NA,systems promote reunification motherland maintain long-term prosperity stability hong kong macau promote peaceful_development cross-strait relations reunification motherland create bright future great_rejuvenation_of_the_chinese_nation,systems promote reunification motherland maintain long-term prosperity stability hong kong macau promote peaceful_development cross-strait relations reunification motherland create bright future [great_rejuvenation_of_the_chinese_nation] ,"PQ14, Part Eighteen Adhere to “One Country, Two Systems” and promote the (pp. 140-140)",M6: Teleologia Nacional e Fins Estruturais
PQ14_Cap_78,PQ14,2021-2025,78,Article LXII Promote the peaceful development of cross-strait relations and,142,142,great_rejuvenation_of_the_chinese_nation,build realize dreams unite broad masses taiwan compatriots jointly oppose taiwan independence separatist activities maintain promote peaceful_development cross-strait relations strive,NA,build realize dreams unite broad masses taiwan compatriots jointly oppose taiwan independence separatist activities maintain promote peaceful_development cross-strait relations strive great_rejuvenation_of_the_chinese_nation,build realize dreams unite broad masses taiwan compatriots jointly oppose taiwan independence separatist activities maintain promote peaceful_development cross-strait relations strive [great_rejuvenation_of_the_chinese_nation] ,"PQ14, Article LXII Promote the peaceful development of cross-strait relations and (pp. 142-142)",M6: Teleologia Nacional e Fins Estruturais
PQ14_Cap_80,PQ14,2021-2025,80,Article LXIII Strengthen the CCP Central Committee's centralized and,143,143,centralized_and_unified_leadership,lxiii strengthen ccp central committee's,carry party’s requirements charting course 把 方向 making overall plans designing policies promoting reform promote in-depth study implementation xi_jinping_thought socialism_with_chinese_characteristics_for_a_new_era,lxiii strengthen ccp central committee's centralized_and_unified_leadership carry party’s requirements charting course 把 方向 making overall plans designing policies promoting reform promote in-depth study implementation xi_jinping_thought socialism_with_chinese_characteristics_for_a_new_era,lxiii strengthen ccp central committee's [centralized_and_unified_leadership] carry party’s requirements charting course 把 方向 making overall plans designing policies promoting reform promote in-depth study implementation xi_jinping_thought socialism_with_chinese_characteristics_for_a_new_era,"PQ14, Article LXIII Strengthen the CCP Central Committee's centralized and (pp. 143-143)",M4: Liderança Estratégica e Capacidade Central
PQ14_Cap_80,PQ14,2021-2025,80,Article LXIII Strengthen the CCP Central Committee's centralized and,143,143,xi_jinping_thought,committee's centralized_and_unified_leadership carry party’s requirements charting course 把 方向 making overall plans designing policies promoting reform promote in-depth study implementation,socialism_with_chinese_characteristics_for_a_new_era throughout entire party strengthen four consciousnesses unwavering four confidences achieve two upholds continuously improve political judgment political understanding political,committee's centralized_and_unified_leadership carry party’s requirements charting course 把 方向 making overall plans designing policies promoting reform promote in-depth study implementation xi_jinping_thought socialism_with_chinese_characteristics_for_a_new_era throughout entire party strengthen four consciousnesses unwavering four confidences achieve two upholds continuously improve political judgment political understanding political,committee's centralized_and_unified_leadership carry party’s requirements charting course 把 方向 making overall plans designing policies promoting reform promote in-depth study implementation [xi_jinping_thought] socialism_with_chinese_characteristics_for_a_new_era throughout entire party strengthen four consciousnesses unwavering four confidences achieve two upholds continuously improve political judgment political understanding political,"PQ14, Article LXIII Strengthen the CCP Central Committee's centralized and (pp. 143-143)",M4: Liderança Estratégica e Capacidade Central
PQ15_Cap_03,PQ15,2026-2030,3,Chapter 1 The Development Environment,7,10,new_quality_productive_forces,significant new achievements cause party country guiding role new development philosophy fully demonstrated significant strides made constructing new development paradigm,grew steadily high-quality_development advanced determination maintained steady economic growth made solid headway gross domestic product gdp surpassing trillion yuan major,significant new achievements cause party country guiding role new development philosophy fully demonstrated significant strides made constructing new development paradigm new_quality_productive_forces grew steadily high-quality_development advanced determination maintained steady economic growth made solid headway gross domestic product gdp surpassing trillion yuan major,significant new achievements cause party country guiding role new development philosophy fully demonstrated significant strides made constructing new development paradigm [new_quality_productive_forces] grew steadily high-quality_development advanced determination maintained steady economic growth made solid headway gross domestic product gdp surpassing trillion yuan major,"PQ15, Chapter 1 The Development Environment (pp. 7-10)",M2: Autonomia Tecno-Relacional e Modernização
PQ15_Cap_03,PQ15,2026-2030,3,Chapter 1 The Development Environment,7,10,second_centenary_goal,economic scientific technological national defense composite national strength made solid new strides advancing modernization gotten good start new journey toward,owe remarkable achievements cpc central_committee comrade xi jinping core helm charting course xi_jinping_thought socialism_with_chinese_characteristics_for_a_new_era provided sound guidance advance cause concerted,economic scientific technological national defense composite national strength made solid new strides advancing modernization gotten good start new journey toward second_centenary_goal owe remarkable achievements cpc central_committee comrade xi jinping core helm charting course xi_jinping_thought socialism_with_chinese_characteristics_for_a_new_era provided sound guidance advance cause concerted,economic scientific technological national defense composite national strength made solid new strides advancing modernization gotten good start new journey toward [second_centenary_goal] owe remarkable achievements cpc central_committee comrade xi jinping core helm charting course xi_jinping_thought socialism_with_chinese_characteristics_for_a_new_era provided sound guidance advance cause concerted,"PQ15, Chapter 1 The Development Environment (pp. 7-10)",M6: Teleologia Nacional e Fins Estruturais
PQ15_Cap_03,PQ15,2026-2030,3,Chapter 1 The Development Environment,7,10,xi_jinping_thought,modernization gotten good start new journey toward second_centenary_goal owe remarkable achievements cpc central_committee comrade xi jinping core helm charting course,socialism_with_chinese_characteristics_for_a_new_era provided sound guidance advance cause concerted efforts united struggle entire party entire military people ethnic groups throughout country profound,modernization gotten good start new journey toward second_centenary_goal owe remarkable achievements cpc central_committee comrade xi jinping core helm charting course xi_jinping_thought socialism_with_chinese_characteristics_for_a_new_era provided sound guidance advance cause concerted efforts united struggle entire party entire military people ethnic groups throughout country profound,modernization gotten good start new journey toward second_centenary_goal owe remarkable achievements cpc central_committee comrade xi jinping core helm charting course [xi_jinping_thought] socialism_with_chinese_characteristics_for_a_new_era provided sound guidance advance cause concerted efforts united struggle entire party entire military people ethnic groups throughout country profound,"PQ15, Chapter 1 The Development Environment (pp. 7-10)",M4: Liderança Estratégica e Capacidade Central
PQ15_Cap_03,PQ15,2026-2030,3,Chapter 1 The Development Environment,7,10,xi_jinping_thought,challenges must acquire deep understanding decisive significance establishing comrade xi jinping’s core position party central_committee party whole establishing guiding role,socialism_with_chinese_characteristics_for_a_new_era must become conscious need maintain political integrity think big-picture terms follow leadership core keep alignment central party_leadership must stay,challenges must acquire deep understanding decisive significance establishing comrade xi jinping’s core position party central_committee party whole establishing guiding role xi_jinping_thought socialism_with_chinese_characteristics_for_a_new_era must become conscious need maintain political integrity think big-picture terms follow leadership core keep alignment central party_leadership must stay,challenges must acquire deep understanding decisive significance establishing comrade xi jinping’s core position party central_committee party whole establishing guiding role [xi_jinping_thought] socialism_with_chinese_characteristics_for_a_new_era must become conscious need maintain political integrity think big-picture terms follow leadership core keep alignment central party_leadership must stay,"PQ15, Chapter 1 The Development Environment (pp. 7-10)",M4: Liderança Estratégica e Capacidade Central
PQ15_Cap_03,PQ15,2026-2030,3,Chapter 1 The Development Environment,7,10,party_leadership,guiding role xi_jinping_thought socialism_with_chinese_characteristics_for_a_new_era must become conscious need maintain political integrity think big-picture terms follow leadership core keep alignment central,must stay confident path theory system culture socialism characteristics uphold comrade xi jinping’s core position party central_committee party whole uphold,guiding role xi_jinping_thought socialism_with_chinese_characteristics_for_a_new_era must become conscious need maintain political integrity think big-picture terms follow leadership core keep alignment central party_leadership must stay confident path theory system culture socialism characteristics uphold comrade xi jinping’s core position party central_committee party whole uphold,guiding role xi_jinping_thought socialism_with_chinese_characteristics_for_a_new_era must become conscious need maintain political integrity think big-picture terms follow leadership core keep alignment central [party_leadership] must stay confident path theory system culture socialism characteristics uphold comrade xi jinping’s core position party central_committee party whole uphold,"PQ15, Chapter 1 The Development Environment (pp. 7-10)",M4: Liderança Estratégica e Capacidade Central
PQ15_Cap_04,PQ15,2026-2030,4,Chapter 2 Guiding Principles,11,13,xi_jinping_thought,guiding philosophy must stay committed marxism-leninism mao zedong thought deng xiaoping theory theory three represents scientific outlook development fully implement,socialism_with_chinese_characteristics_for_a_new_era must thoroughly apply guiding principles party’s 20th national congress plenary sessions 20th cpc central_committee conscientiously carry decisions arrangements fourth,guiding philosophy must stay committed marxism-leninism mao zedong thought deng xiaoping theory theory three represents scientific outlook development fully implement xi_jinping_thought socialism_with_chinese_characteristics_for_a_new_era must thoroughly apply guiding principles party’s 20th national congress plenary sessions 20th cpc central_committee conscientiously carry decisions arrangements fourth,guiding philosophy must stay committed marxism-leninism mao zedong thought deng xiaoping theory theory three represents scientific outlook development fully implement [xi_jinping_thought] socialism_with_chinese_characteristics_for_a_new_era must thoroughly apply guiding principles party’s 20th national congress plenary sessions 20th cpc central_committee conscientiously carry decisions arrangements fourth,"PQ15, Chapter 2 Guiding Principles (pp. 11-13)",M4: Liderança Estratégica e Capacidade Central
PQ15_Cap_04,PQ15,2026-2030,4,Chapter 2 Guiding Principles,11,13,second_centenary_goal,congress plenary sessions 20th cpc central_committee conscientiously carry decisions arrangements fourth plenary session 20th cpc central_committee must keep focused realizing,building great_modern_socialist_country respects advancing rejuvenation_of_the_chinese_nation fronts modernization must ensure coordinated implementation five-sphere integrated four-pronged comprehensive strategy keeping mind domestic international,congress plenary sessions 20th cpc central_committee conscientiously carry decisions arrangements fourth plenary session 20th cpc central_committee must keep focused realizing second_centenary_goal building great_modern_socialist_country respects advancing rejuvenation_of_the_chinese_nation fronts modernization must ensure coordinated implementation five-sphere integrated four-pronged comprehensive strategy keeping mind domestic international,congress plenary sessions 20th cpc central_committee conscientiously carry decisions arrangements fourth plenary session 20th cpc central_committee must keep focused realizing [second_centenary_goal] building great_modern_socialist_country respects advancing rejuvenation_of_the_chinese_nation fronts modernization must ensure coordinated implementation five-sphere integrated four-pronged comprehensive strategy keeping mind domestic international,"PQ15, Chapter 2 Guiding Principles (pp. 11-13)",M6: Teleologia Nacional e Fins Estruturais
PQ15_Cap_04,PQ15,2026-2030,4,Chapter 2 Guiding Principles,11,13,great_modern_socialist_country,sessions 20th cpc central_committee conscientiously carry decisions arrangements fourth plenary session 20th cpc central_committee must keep focused realizing second_centenary_goal building,respects advancing rejuvenation_of_the_chinese_nation fronts modernization must ensure coordinated implementation five-sphere integrated four-pronged comprehensive strategy keeping mind domestic international imperatives must,sessions 20th cpc central_committee conscientiously carry decisions arrangements fourth plenary session 20th cpc central_committee must keep focused realizing second_centenary_goal building great_modern_socialist_country respects advancing rejuvenation_of_the_chinese_nation fronts modernization must ensure coordinated implementation five-sphere integrated four-pronged comprehensive strategy keeping mind domestic international imperatives must,sessions 20th cpc central_committee conscientiously carry decisions arrangements fourth plenary session 20th cpc central_committee must keep focused realizing second_centenary_goal building [great_modern_socialist_country] respects advancing rejuvenation_of_the_chinese_nation fronts modernization must ensure coordinated implementation five-sphere integrated four-pronged comprehensive strategy keeping mind domestic international imperatives must,"PQ15, Chapter 2 Guiding Principles (pp. 11-13)",M6: Teleologia Nacional e Fins Estruturais
PQ15_Cap_04,PQ15,2026-2030,4,Chapter 2 Guiding Principles,11,13,common_prosperity,full_and_rigorous_party_self-governance fundamental underpinning efforts promote higher-quality economic growth achieving appropriate increase economic output make solid headway promoting wellrounded personal development,allow us secure decisive progress toward basically realizing socialist_modernization core principles upholding party’s overall leadership must resolutely uphold party central,full_and_rigorous_party_self-governance fundamental underpinning efforts promote higher-quality economic growth achieving appropriate increase economic output make solid headway promoting wellrounded personal development common_prosperity allow us secure decisive progress toward basically realizing socialist_modernization core principles upholding party’s overall leadership must resolutely uphold party central,full_and_rigorous_party_self-governance fundamental underpinning efforts promote higher-quality economic growth achieving appropriate increase economic output make solid headway promoting wellrounded personal development [common_prosperity] allow us secure decisive progress toward basically realizing socialist_modernization core principles upholding party’s overall leadership must resolutely uphold party central,"PQ15, Chapter 2 Guiding Principles (pp. 11-13)",M6: Teleologia Nacional e Fins Estruturais
PQ15_Cap_04,PQ15,2026-2030,4,Chapter 2 Guiding Principles,11,13,new_quality_productive_forces,material progress cultural-ethical progress reinforce see gains modernization benefit people broadly equitably pursuing high-quality_development guide development new development philosophy develop,line local conditions strengthen domestic economic circulation facilitate unimpeded domestic international economic flows take coordinated steps expand domestic demand deepen,material progress cultural-ethical progress reinforce see gains modernization benefit people broadly equitably pursuing high-quality_development guide development new development philosophy develop new_quality_productive_forces line local conditions strengthen domestic economic circulation facilitate unimpeded domestic international economic flows take coordinated steps expand domestic demand deepen,material progress cultural-ethical progress reinforce see gains modernization benefit people broadly equitably pursuing high-quality_development guide development new development philosophy develop [new_quality_productive_forces] line local conditions strengthen domestic economic circulation facilitate unimpeded domestic international economic flows take coordinated steps expand domestic demand deepen,"PQ15, Chapter 2 Guiding Principles (pp. 11-13)",M2: Autonomia Tecno-Relacional e Modernização
PQ15_Cap_05,PQ15,2026-2030,5,Chapter 3 Main Objectives,14,17,new_quality_productive_forces,urbanisation agricultural modernisation efforts made enhance integrity advancement security modern_industrial_system faster pace promote coordinated urban-rural regional development make breakthroughs fostering,establishing new development paradigm building modernised economic system level self-reliance strength science_and_technology significantly improved improve overall performance national innovation system,urbanisation agricultural modernisation efforts made enhance integrity advancement security modern_industrial_system faster pace promote coordinated urban-rural regional development make breakthroughs fostering new_quality_productive_forces establishing new development paradigm building modernised economic system level self-reliance strength science_and_technology significantly improved improve overall performance national innovation system,urbanisation agricultural modernisation efforts made enhance integrity advancement security modern_industrial_system faster pace promote coordinated urban-rural regional development make breakthroughs fostering [new_quality_productive_forces] establishing new development paradigm building modernised economic system level self-reliance strength science_and_technology significantly improved improve overall performance national innovation system,"PQ15, Chapter 3 Main Objectives (pp. 14-17)",M2: Autonomia Tecno-Relacional e Modernização
PQ15_Cap_05,PQ15,2026-2030,5,Chapter 3 Main Objectives,14,17,basic_research,markedly r d expenditure across society growing seven percent annually coordinated framework integrated development education science_and_technology talent take basic shape,original innovation capabilities significantly strengthened key core technologies major fields achieve rapid breakthroughs seeing number major original landmark leading scientific,markedly r d expenditure across society growing seven percent annually coordinated framework integrated development education science_and_technology talent take basic shape basic_research original innovation capabilities significantly strengthened key core technologies major fields achieve rapid breakthroughs seeing number major original landmark leading scientific,markedly r d expenditure across society growing seven percent annually coordinated framework integrated development education science_and_technology talent take basic shape [basic_research] original innovation capabilities significantly strengthened key core technologies major fields achieve rapid breakthroughs seeing number major original landmark leading scientific,"PQ15, Chapter 3 Main Objectives (pp. 14-17)",M2: Autonomia Tecno-Relacional e Modernização
PQ15_Cap_05,PQ15,2026-2030,5,Chapter 3 Main Objectives,14,17,beautiful_china,life expectancy increase years develop robust sustainable social security system significantly enhance equalisation basic public services new major progress made,initiative largely establish green modes production living carbon_peaking goals achieved schedule carbon dioxide emissions per unit gdp reduced percent clean,life expectancy increase years develop robust sustainable social security system significantly enhance equalisation basic public services new major progress made beautiful_china initiative largely establish green modes production living carbon_peaking goals achieved schedule carbon dioxide emissions per unit gdp reduced percent clean,life expectancy increase years develop robust sustainable social security system significantly enhance equalisation basic public services new major progress made [beautiful_china] initiative largely establish green modes production living carbon_peaking goals achieved schedule carbon dioxide emissions per unit gdp reduced percent clean,"PQ15, Chapter 3 Main Objectives (pp. 14-17)",M5: Civilização Ecológica e Transição Verde
PQ15_Cap_11,PQ15,2026-2030,11,Part Three Acceleration of High-Level Technology SelfReliance and Self-Strengthening as a Forerunner of New,37,37,new_quality_productive_forces,three acceleration high-level technology selfreliance self-strengthening forerunner,seize historic opportunity presented new round technological revolution industrial transformation coordinate building leading country education science_and_technology talent improve overall effectiveness,three acceleration high-level technology selfreliance self-strengthening forerunner new_quality_productive_forces seize historic opportunity presented new round technological revolution industrial transformation coordinate building leading country education science_and_technology talent improve overall effectiveness,three acceleration high-level technology selfreliance self-strengthening forerunner [new_quality_productive_forces] seize historic opportunity presented new round technological revolution industrial transformation coordinate building leading country education science_and_technology talent improve overall effectiveness,"PQ15, Part Three Acceleration of High-Level Technology SelfReliance and Self-Strengthening as a Forerunner of New (pp. 37-37)",M2: Autonomia Tecno-Relacional e Modernização
PQ15_Cap_11,PQ15,2026-2030,11,Part Three Acceleration of High-Level Technology SelfReliance and Self-Strengthening as a Forerunner of New,37,37,new_quality_productive_forces,system comprehensively enhance independent innovation capabilities dominant position technological development thus driving deep integration technological innovation industrial innovation continuously generating,NA,system comprehensively enhance independent innovation capabilities dominant position technological development thus driving deep integration technological innovation industrial innovation continuously generating new_quality_productive_forces,system comprehensively enhance independent innovation capabilities dominant position technological development thus driving deep integration technological innovation industrial innovation continuously generating [new_quality_productive_forces] ,"PQ15, Part Three Acceleration of High-Level Technology SelfReliance and Self-Strengthening as a Forerunner of New (pp. 37-37)",M2: Autonomia Tecno-Relacional e Modernização
PQ15_Cap_12,PQ15,2026-2030,12,Chapter 8 Advancement in Original Innovation and Key Core Technologies,38,41,basic_research,reusable heavy-lift launch vehicles developed also conduct feasibility studies construction international lunar research station implement lunar exploration program comprehensive enhancement,strengthen strategic forward-looking systematic deployment basic_research coordinate advancement goal-oriented freeexploration basic_research formation diversified investment structure basic_research accelerated specifically fiscal input,reusable heavy-lift launch vehicles developed also conduct feasibility studies construction international lunar research station implement lunar exploration program comprehensive enhancement basic_research strengthen strategic forward-looking systematic deployment basic_research coordinate advancement goal-oriented freeexploration basic_research formation diversified investment structure basic_research accelerated specifically fiscal input,reusable heavy-lift launch vehicles developed also conduct feasibility studies construction international lunar research station implement lunar exploration program comprehensive enhancement [basic_research] strengthen strategic forward-looking systematic deployment basic_research coordinate advancement goal-oriented freeexploration basic_research formation diversified investment structure basic_research accelerated specifically fiscal input,"PQ15, Chapter 8 Advancement in Original Innovation and Key Core Technologies (pp. 38-41)",M2: Autonomia Tecno-Relacional e Modernização
PQ15_Cap_12,PQ15,2026-2030,12,Chapter 8 Advancement in Original Innovation and Key Core Technologies,38,41,basic_research,conduct feasibility studies construction international lunar research station implement lunar exploration program comprehensive enhancement basic_research strengthen strategic forward-looking systematic deployment,coordinate advancement goal-oriented freeexploration basic_research formation diversified investment structure basic_research accelerated specifically fiscal input increased improved tax incentives localities enterprises,conduct feasibility studies construction international lunar research station implement lunar exploration program comprehensive enhancement basic_research strengthen strategic forward-looking systematic deployment basic_research coordinate advancement goal-oriented freeexploration basic_research formation diversified investment structure basic_research accelerated specifically fiscal input increased improved tax incentives localities enterprises,conduct feasibility studies construction international lunar research station implement lunar exploration program comprehensive enhancement basic_research strengthen strategic forward-looking systematic deployment [basic_research] coordinate advancement goal-oriented freeexploration basic_research formation diversified investment structure basic_research accelerated specifically fiscal input increased improved tax incentives localities enterprises,"PQ15, Chapter 8 Advancement in Original Innovation and Key Core Technologies (pp. 38-41)",M2: Autonomia Tecno-Relacional e Modernização
PQ15_Cap_12,PQ15,2026-2030,12,Chapter 8 Advancement in Original Innovation and Key Core Technologies,38,41,basic_research,lunar research station implement lunar exploration program comprehensive enhancement basic_research strengthen strategic forward-looking systematic deployment basic_research coordinate advancement goal-oriented freeexploration,formation diversified investment structure basic_research accelerated specifically fiscal input increased improved tax incentives localities enterprises social organizations individuals capable supporting,lunar research station implement lunar exploration program comprehensive enhancement basic_research strengthen strategic forward-looking systematic deployment basic_research coordinate advancement goal-oriented freeexploration basic_research formation diversified investment structure basic_research accelerated specifically fiscal input increased improved tax incentives localities enterprises social organizations individuals capable supporting,lunar research station implement lunar exploration program comprehensive enhancement basic_research strengthen strategic forward-looking systematic deployment basic_research coordinate advancement goal-oriented freeexploration [basic_research] formation diversified investment structure basic_research accelerated specifically fiscal input increased improved tax incentives localities enterprises social organizations individuals capable supporting,"PQ15, Chapter 8 Advancement in Original Innovation and Key Core Technologies (pp. 38-41)",M2: Autonomia Tecno-Relacional e Modernização
PQ15_Cap_12,PQ15,2026-2030,12,Chapter 8 Advancement in Original Innovation and Key Core Technologies,38,41,basic_research,exploration program comprehensive enhancement basic_research strengthen strategic forward-looking systematic deployment basic_research coordinate advancement goal-oriented freeexploration basic_research formation diversified investment structure,accelerated specifically fiscal input increased improved tax incentives localities enterprises social organizations individuals capable supporting basic_research guided offer support public,exploration program comprehensive enhancement basic_research strengthen strategic forward-looking systematic deployment basic_research coordinate advancement goal-oriented freeexploration basic_research formation diversified investment structure basic_research accelerated specifically fiscal input increased improved tax incentives localities enterprises social organizations individuals capable supporting basic_research guided offer support public,exploration program comprehensive enhancement basic_research strengthen strategic forward-looking systematic deployment basic_research coordinate advancement goal-oriented freeexploration basic_research formation diversified investment structure [basic_research] accelerated specifically fiscal input increased improved tax incentives localities enterprises social organizations individuals capable supporting basic_research guided offer support public,"PQ15, Chapter 8 Advancement in Original Innovation and Key Core Technologies (pp. 38-41)",M2: Autonomia Tecno-Relacional e Modernização
PQ15_Cap_12,PQ15,2026-2030,12,Chapter 8 Advancement in Original Innovation and Key Core Technologies,38,41,basic_research,formation diversified investment structure basic_research accelerated specifically fiscal input increased improved tax incentives localities enterprises social organizations individuals capable supporting,guided offer support public welfare funds basic_research encouraged establish ensure marked increase proportion basic_research expenditure within overall r d expenditure,formation diversified investment structure basic_research accelerated specifically fiscal input increased improved tax incentives localities enterprises social organizations individuals capable supporting basic_research guided offer support public welfare funds basic_research encouraged establish ensure marked increase proportion basic_research expenditure within overall r d expenditure,formation diversified investment structure basic_research accelerated specifically fiscal input increased improved tax incentives localities enterprises social organizations individuals capable supporting [basic_research] guided offer support public welfare funds basic_research encouraged establish ensure marked increase proportion basic_research expenditure within overall r d expenditure,"PQ15, Chapter 8 Advancement in Original Innovation and Key Core Technologies (pp. 38-41)",M2: Autonomia Tecno-Relacional e Modernização
PQ15_Cap_12,PQ15,2026-2030,12,Chapter 8 Advancement in Original Innovation and Key Core Technologies,38,41,basic_research,fiscal input increased improved tax incentives localities enterprises social organizations individuals capable supporting basic_research guided offer support public welfare funds,encouraged establish ensure marked increase proportion basic_research expenditure within overall r d expenditure investment mechanism combining competitive support stable support,fiscal input increased improved tax incentives localities enterprises social organizations individuals capable supporting basic_research guided offer support public welfare funds basic_research encouraged establish ensure marked increase proportion basic_research expenditure within overall r d expenditure investment mechanism combining competitive support stable support,fiscal input increased improved tax incentives localities enterprises social organizations individuals capable supporting basic_research guided offer support public welfare funds [basic_research] encouraged establish ensure marked increase proportion basic_research expenditure within overall r d expenditure investment mechanism combining competitive support stable support,"PQ15, Chapter 8 Advancement in Original Innovation and Key Core Technologies (pp. 38-41)",M2: Autonomia Tecno-Relacional e Modernização
PQ15_Cap_12,PQ15,2026-2030,12,Chapter 8 Advancement in Original Innovation and Key Core Technologies,38,41,basic_research,enterprises social organizations individuals capable supporting basic_research guided offer support public welfare funds basic_research encouraged establish ensure marked increase proportion,expenditure within overall r d expenditure investment mechanism combining competitive support stable support improved long-term stable support leading teams engaged,enterprises social organizations individuals capable supporting basic_research guided offer support public welfare funds basic_research encouraged establish ensure marked increase proportion basic_research expenditure within overall r d expenditure investment mechanism combining competitive support stable support improved long-term stable support leading teams engaged,enterprises social organizations individuals capable supporting basic_research guided offer support public welfare funds basic_research encouraged establish ensure marked increase proportion [basic_research] expenditure within overall r d expenditure investment mechanism combining competitive support stable support improved long-term stable support leading teams engaged,"PQ15, Chapter 8 Advancement in Original Innovation and Key Core Technologies (pp. 38-41)",M2: Autonomia Tecno-Relacional e Modernização
PQ15_Cap_12,PQ15,2026-2030,12,Chapter 8 Advancement in Original Innovation and Key Core Technologies,38,41,basic_research,expenditure within overall r d expenditure investment mechanism combining competitive support stable support improved long-term stable support leading teams engaged,young science_and_technology talent increased exploration long-cycle funding models encourage high-risk high-value basic_research create favorable environment inspires exploration tolerates failure focusing,expenditure within overall r d expenditure investment mechanism combining competitive support stable support improved long-term stable support leading teams engaged basic_research young science_and_technology talent increased exploration long-cycle funding models encourage high-risk high-value basic_research create favorable environment inspires exploration tolerates failure focusing,expenditure within overall r d expenditure investment mechanism combining competitive support stable support improved long-term stable support leading teams engaged [basic_research] young science_and_technology talent increased exploration long-cycle funding models encourage high-risk high-value basic_research create favorable environment inspires exploration tolerates failure focusing,"PQ15, Chapter 8 Advancement in Original Innovation and Key Core Technologies (pp. 38-41)",M2: Autonomia Tecno-Relacional e Modernização
PQ15_Cap_12,PQ15,2026-2030,12,Chapter 8 Advancement in Original Innovation and Key Core Technologies,38,41,basic_research,support improved long-term stable support leading teams engaged basic_research young science_and_technology talent increased exploration long-cycle funding models encourage high-risk high-value,create favorable environment inspires exploration tolerates failure focusing scientific frontiers extremely macroscopic extremely microscopic extreme conditions extreme comprehensive interdisciplinarity strengthen,support improved long-term stable support leading teams engaged basic_research young science_and_technology talent increased exploration long-cycle funding models encourage high-risk high-value basic_research create favorable environment inspires exploration tolerates failure focusing scientific frontiers extremely macroscopic extremely microscopic extreme conditions extreme comprehensive interdisciplinarity strengthen,support improved long-term stable support leading teams engaged basic_research young science_and_technology talent increased exploration long-cycle funding models encourage high-risk high-value [basic_research] create favorable environment inspires exploration tolerates failure focusing scientific frontiers extremely macroscopic extremely microscopic extreme conditions extreme comprehensive interdisciplinarity strengthen,"PQ15, Chapter 8 Advancement in Original Innovation and Key Core Technologies (pp. 38-41)",M2: Autonomia Tecno-Relacional e Modernização
PQ15_Cap_12,PQ15,2026-2030,12,Chapter 8 Advancement in Original Innovation and Key Core Technologies,38,41,basic_research,create favorable environment inspires exploration tolerates failure focusing scientific frontiers extremely macroscopic extremely microscopic extreme conditions extreme comprehensive interdisciplinarity strengthen,emerging fields cross-disciplinary integration interdisciplinary areas,create favorable environment inspires exploration tolerates failure focusing scientific frontiers extremely macroscopic extremely microscopic extreme conditions extreme comprehensive interdisciplinarity strengthen basic_research emerging fields cross-disciplinary integration interdisciplinary areas,create favorable environment inspires exploration tolerates failure focusing scientific frontiers extremely macroscopic extremely microscopic extreme conditions extreme comprehensive interdisciplinarity strengthen [basic_research] emerging fields cross-disciplinary integration interdisciplinary areas,"PQ15, Chapter 8 Advancement in Original Innovation and Key Core Technologies (pp. 38-41)",M2: Autonomia Tecno-Relacional e Modernização
PQ15_Cap_13,PQ15,2026-2030,13,Chapter 9 Improvement of Systemic Innovation,42,44,basic_research,institutions accelerated management operating mechanisms aligned obligations responsibilities improved support high-level research universities creating world-class academic environments develop main force,key front talent cultivation leading science_and_technology enterprises cultivated enhance capacity integrate innovation resources build industrial ecosystems development new-type r d,institutions accelerated management operating mechanisms aligned obligations responsibilities improved support high-level research universities creating world-class academic environments develop main force basic_research key front talent cultivation leading science_and_technology enterprises cultivated enhance capacity integrate innovation resources build industrial ecosystems development new-type r d,institutions accelerated management operating mechanisms aligned obligations responsibilities improved support high-level research universities creating world-class academic environments develop main force [basic_research] key front talent cultivation leading science_and_technology enterprises cultivated enhance capacity integrate innovation resources build industrial ecosystems development new-type r d,"PQ15, Chapter 9 Improvement of Systemic Innovation (pp. 42-44)",M2: Autonomia Tecno-Relacional e Modernização
PQ15_Cap_15,PQ15,2026-2030,15,"Chapter 11 Integrated Advancement of Education, Science and Technology, and",47,48,basic_research,necessary conditions explored focusing innovation needs accelerate building national strategic talent forces increase cultivation support strategic scientists leading science_and_technology talent,talent young science_and_technology talent talent collaboration strengthened talent structure optimized improve orderly talent mobility mechanism promote coordinated regional development talent,necessary conditions explored focusing innovation needs accelerate building national strategic talent forces increase cultivation support strategic scientists leading science_and_technology talent basic_research talent young science_and_technology talent talent collaboration strengthened talent structure optimized improve orderly talent mobility mechanism promote coordinated regional development talent,necessary conditions explored focusing innovation needs accelerate building national strategic talent forces increase cultivation support strategic scientists leading science_and_technology talent [basic_research] talent young science_and_technology talent talent collaboration strengthened talent structure optimized improve orderly talent mobility mechanism promote coordinated regional development talent,"PQ15, Chapter 11 Integrated Advancement of Education, Science and Technology, and (pp. 47-48)",M2: Autonomia Tecno-Relacional e Modernização
PQ15_Cap_15,PQ15,2026-2030,15,"Chapter 11 Integrated Advancement of Education, Science and Technology, and",47,48,basic_research,capacity quality effectiveness contribution indicators deepen reform project review institutional assessment talent evaluation income distribution stimulate drive vitality innovation creativity,evaluation conducted focusing originality achievements academic value international peer review optimized applied research technology development evaluation promoted primarily based user,capacity quality effectiveness contribution indicators deepen reform project review institutional assessment talent evaluation income distribution stimulate drive vitality innovation creativity basic_research evaluation conducted focusing originality achievements academic value international peer review optimized applied research technology development evaluation promoted primarily based user,capacity quality effectiveness contribution indicators deepen reform project review institutional assessment talent evaluation income distribution stimulate drive vitality innovation creativity [basic_research] evaluation conducted focusing originality achievements academic value international peer review optimized applied research technology development evaluation promoted primarily based user,"PQ15, Chapter 11 Integrated Advancement of Education, Science and Technology, and (pp. 47-48)",M2: Autonomia Tecno-Relacional e Modernização
PQ15_Cap_18,PQ15,2026-2030,18,Chapter 13 Advancement of the Comprehensive Empowerment of DigitalIntelligent Technologies,51,54,belt_and_road_initiative,persons digital persons intelligent robots ai global cooperation promote establishment world artificial intelligence cooperation organization build multilateral ai cooperation platform,establish international ai application cooperation centre countries concerned encouraged jointly develop regulatory frameworks technical standards ethical guidelines efforts also made,persons digital persons intelligent robots ai global cooperation promote establishment world artificial intelligence cooperation organization build multilateral ai cooperation platform belt_and_road_initiative establish international ai application cooperation centre countries concerned encouraged jointly develop regulatory frameworks technical standards ethical guidelines efforts also made,persons digital persons intelligent robots ai global cooperation promote establishment world artificial intelligence cooperation organization build multilateral ai cooperation platform [belt_and_road_initiative] establish international ai application cooperation centre countries concerned encouraged jointly develop regulatory frameworks technical standards ethical guidelines efforts also made,"PQ15, Chapter 13 Advancement of the Comprehensive Empowerment of DigitalIntelligent Technologies (pp. 51-54)",M3: Governança Global e Projeção Normativa
PQ15_Cap_22,PQ15,2026-2030,22,Chapter 16 Expansion of Effective Investment,60,61,new_quality_productive_forces,skills training higher proportion government investment response demographic shifts population movement trends improve layouts infrastructure public service facilities adapting requirements,development actively support investment new infrastructure intangible assets strengthen full-process management government investment greater emphasis leading role strategic planning feasibility,skills training higher proportion government investment response demographic shifts population movement trends improve layouts infrastructure public service facilities adapting requirements new_quality_productive_forces development actively support investment new infrastructure intangible assets strengthen full-process management government investment greater emphasis leading role strategic planning feasibility,skills training higher proportion government investment response demographic shifts population movement trends improve layouts infrastructure public service facilities adapting requirements [new_quality_productive_forces] development actively support investment new infrastructure intangible assets strengthen full-process management government investment greater emphasis leading role strategic planning feasibility,"PQ15, Chapter 16 Expansion of Effective Investment (pp. 60-61)",M2: Autonomia Tecno-Relacional e Modernização
PQ15_Cap_28,PQ15,2026-2030,28,Part Seven Expansion of High-Standard Opening-up for a,72,72,belt_and_road_initiative,win-win_cooperation remain committed opening win-win_cooperation steadily advancing institutional opening-up wider scope building new system open economy higher level promoting high-quality_development,bri expanding global economic circulation advancing reform development opening-up advocates equal orderly multipolar world inclusive beneficial economic globalization stands ready,win-win_cooperation remain committed opening win-win_cooperation steadily advancing institutional opening-up wider scope building new system open economy higher level promoting high-quality_development belt_and_road_initiative bri expanding global economic circulation advancing reform development opening-up advocates equal orderly multipolar world inclusive beneficial economic globalization stands ready,win-win_cooperation remain committed opening win-win_cooperation steadily advancing institutional opening-up wider scope building new system open economy higher level promoting high-quality_development [belt_and_road_initiative] bri expanding global economic circulation advancing reform development opening-up advocates equal orderly multipolar world inclusive beneficial economic globalization stands ready,"PQ15, Part Seven Expansion of High-Standard Opening-up for a (pp. 72-72)",M3: Governança Global e Projeção Normativa
PQ15_Cap_32,PQ15,2026-2030,32,Chapter 24 Development of a Community with a Shared Future for Mankind,80,81,community_with_a_shared_future_for_mankind,development,implement global_development_initiative global_security_initiative global_civilization_initiative global governance initiative actively advance major-country_diplomacy characteristics make china’s contribution building community_with_a_shared_future_for_mankind active participation leadership global,development community_with_a_shared_future_for_mankind implement global_development_initiative global_security_initiative global_civilization_initiative global governance initiative actively advance major-country_diplomacy characteristics make china’s contribution building community_with_a_shared_future_for_mankind active participation leadership global,development [community_with_a_shared_future_for_mankind] implement global_development_initiative global_security_initiative global_civilization_initiative global governance initiative actively advance major-country_diplomacy characteristics make china’s contribution building community_with_a_shared_future_for_mankind active participation leadership global,"PQ15, Chapter 24 Development of a Community with a Shared Future for Mankind (pp. 80-81)",M3: Governança Global e Projeção Normativa
PQ15_Cap_32,PQ15,2026-2030,32,Chapter 24 Development of a Community with a Shared Future for Mankind,80,81,global_development_initiative,development community_with_a_shared_future_for_mankind implement,global_security_initiative global_civilization_initiative global governance initiative actively advance major-country_diplomacy characteristics make china’s contribution building community_with_a_shared_future_for_mankind active participation leadership global economic governance,development community_with_a_shared_future_for_mankind implement global_development_initiative global_security_initiative global_civilization_initiative global governance initiative actively advance major-country_diplomacy characteristics make china’s contribution building community_with_a_shared_future_for_mankind active participation leadership global economic governance,development community_with_a_shared_future_for_mankind implement [global_development_initiative] global_security_initiative global_civilization_initiative global governance initiative actively advance major-country_diplomacy characteristics make china’s contribution building community_with_a_shared_future_for_mankind active participation leadership global economic governance,"PQ15, Chapter 24 Development of a Community with a Shared Future for Mankind (pp. 80-81)",M2: Autonomia Tecno-Relacional e Modernização
PQ15_Cap_32,PQ15,2026-2030,32,Chapter 24 Development of a Community with a Shared Future for Mankind,80,81,global_security_initiative,development community_with_a_shared_future_for_mankind implement global_development_initiative,global_civilization_initiative global governance initiative actively advance major-country_diplomacy characteristics make china’s contribution building community_with_a_shared_future_for_mankind active participation leadership global economic governance advance,development community_with_a_shared_future_for_mankind implement global_development_initiative global_security_initiative global_civilization_initiative global governance initiative actively advance major-country_diplomacy characteristics make china’s contribution building community_with_a_shared_future_for_mankind active participation leadership global economic governance advance,development community_with_a_shared_future_for_mankind implement global_development_initiative [global_security_initiative] global_civilization_initiative global governance initiative actively advance major-country_diplomacy characteristics make china’s contribution building community_with_a_shared_future_for_mankind active participation leadership global economic governance advance,"PQ15, Chapter 24 Development of a Community with a Shared Future for Mankind (pp. 80-81)",M1: Securitização Holística e Gestão de Riscos
PQ15_Cap_32,PQ15,2026-2030,32,Chapter 24 Development of a Community with a Shared Future for Mankind,80,81,community_with_a_shared_future_for_mankind,development community_with_a_shared_future_for_mankind implement global_development_initiative global_security_initiative global_civilization_initiative global governance initiative actively advance major-country_diplomacy characteristics make china’s contribution building,active participation leadership global economic governance advance reform global economic financial governance drive establishment maintenance fair just open inclusive mutually,development community_with_a_shared_future_for_mankind implement global_development_initiative global_security_initiative global_civilization_initiative global governance initiative actively advance major-country_diplomacy characteristics make china’s contribution building community_with_a_shared_future_for_mankind active participation leadership global economic governance advance reform global economic financial governance drive establishment maintenance fair just open inclusive mutually,development community_with_a_shared_future_for_mankind implement global_development_initiative global_security_initiative global_civilization_initiative global governance initiative actively advance major-country_diplomacy characteristics make china’s contribution building [community_with_a_shared_future_for_mankind] active participation leadership global economic governance advance reform global economic financial governance drive establishment maintenance fair just open inclusive mutually,"PQ15, Chapter 24 Development of a Community with a Shared Future for Mankind (pp. 80-81)",M3: Governança Global e Projeção Normativa
PQ15_Cap_32,PQ15,2026-2030,32,Chapter 24 Development of a Community with a Shared Future for Mankind,80,81,common_prosperity,developed jointly build global network dialogue cooperation civilizations champion shared values humanity advance building world enjoys lasting peace universal security,openness inclusiveness well cleanliness beauty provision international public goods fulfil role responsible major country play active role addressing global issues,developed jointly build global network dialogue cooperation civilizations champion shared values humanity advance building world enjoys lasting peace universal security common_prosperity openness inclusiveness well cleanliness beauty provision international public goods fulfil role responsible major country play active role addressing global issues,developed jointly build global network dialogue cooperation civilizations champion shared values humanity advance building world enjoys lasting peace universal security [common_prosperity] openness inclusiveness well cleanliness beauty provision international public goods fulfil role responsible major country play active role addressing global issues,"PQ15, Chapter 24 Development of a Community with a Shared Future for Mankind (pp. 80-81)",M6: Teleologia Nacional e Fins Estruturais
PQ15_Cap_32,PQ15,2026-2030,32,Chapter 24 Development of a Community with a Shared Future for Mankind,80,81,cybersecurity,beauty provision international public goods fulfil role responsible major country play active role addressing global issues climate change transnational crime,major infectious diseases terrorism resolutely oppose hegemony power politics bullying uphold international fairness justice safeguard common interests peoples countries actively,beauty provision international public goods fulfil role responsible major country play active role addressing global issues climate change transnational crime cybersecurity major infectious diseases terrorism resolutely oppose hegemony power politics bullying uphold international fairness justice safeguard common interests peoples countries actively,beauty provision international public goods fulfil role responsible major country play active role addressing global issues climate change transnational crime [cybersecurity] major infectious diseases terrorism resolutely oppose hegemony power politics bullying uphold international fairness justice safeguard common interests peoples countries actively,"PQ15, Chapter 24 Development of a Community with a Shared Future for Mankind (pp. 80-81)",M1: Securitização Holística e Gestão de Riscos
PQ15_Cap_42,PQ15,2026-2030,42,Chapter 33 Promotion and Practice of the Core Socialist Values,103,104,xi_jinping_thought,cultivate spirit values strength normalization institutionalization education ideals convictions deepen study publicity education communist party’s cpc innovative theories persistently use,socialism_with_chinese_characteristics_for_a_new_era unify thinking strengthen moral conviction systematic theoretically grounded research interpretation enhanced along accessible widely disseminated public outreach firmly maintain,cultivate spirit values strength normalization institutionalization education ideals convictions deepen study publicity education communist party’s cpc innovative theories persistently use xi_jinping_thought socialism_with_chinese_characteristics_for_a_new_era unify thinking strengthen moral conviction systematic theoretically grounded research interpretation enhanced along accessible widely disseminated public outreach firmly maintain,cultivate spirit values strength normalization institutionalization education ideals convictions deepen study publicity education communist party’s cpc innovative theories persistently use [xi_jinping_thought] socialism_with_chinese_characteristics_for_a_new_era unify thinking strengthen moral conviction systematic theoretically grounded research interpretation enhanced along accessible widely disseminated public outreach firmly maintain,"PQ15, Chapter 33 Promotion and Practice of the Core Socialist Values (pp. 103-104)",M4: Liderança Estratégica e Capacidade Central
PQ15_Cap_45,PQ15,2026-2030,45,Chapter 36 Improvement of the Communication and Influence of Chinese,112,113,xi_jinping_thought,readings works xi jinping xi jinping governance continue compiled published series theoretical materials including thematic overviews study outlines question-and-answer guides,socialism_with_chinese_characteristics_for_a_new_era prepared revised international publication overseas dissemination also strengthened guidance support creation outstanding literary artistic works key initiatives ones project,readings works xi jinping xi jinping governance continue compiled published series theoretical materials including thematic overviews study outlines question-and-answer guides xi_jinping_thought socialism_with_chinese_characteristics_for_a_new_era prepared revised international publication overseas dissemination also strengthened guidance support creation outstanding literary artistic works key initiatives ones project,readings works xi jinping xi jinping governance continue compiled published series theoretical materials including thematic overviews study outlines question-and-answer guides [xi_jinping_thought] socialism_with_chinese_characteristics_for_a_new_era prepared revised international publication overseas dissemination also strengthened guidance support creation outstanding literary artistic works key initiatives ones project,"PQ15, Chapter 36 Improvement of the Communication and Influence of Chinese (pp. 112-113)",M4: Liderança Estratégica e Capacidade Central
PQ15_Cap_48,PQ15,2026-2030,48,Chapter 38 Development of Education that Meets the People’s Expectations,116,120,xi_jinping_thought,socialist builders successors achieve all-round development moral intellectual physical aesthetic labor education implementation initiative fostering virtue education new-era unswervingly use,socialism_with_chinese_characteristics_for_a_new_era shape minds cultivate character students strengthen building great ideological political course improve curriculum teaching materials fully implement new-era university,socialist builders successors achieve all-round development moral intellectual physical aesthetic labor education implementation initiative fostering virtue education new-era unswervingly use xi_jinping_thought socialism_with_chinese_characteristics_for_a_new_era shape minds cultivate character students strengthen building great ideological political course improve curriculum teaching materials fully implement new-era university,socialist builders successors achieve all-round development moral intellectual physical aesthetic labor education implementation initiative fostering virtue education new-era unswervingly use [xi_jinping_thought] socialism_with_chinese_characteristics_for_a_new_era shape minds cultivate character students strengthen building great ideological political course improve curriculum teaching materials fully implement new-era university,"PQ15, Chapter 38 Development of Education that Meets the People’s Expectations (pp. 116-120)",M4: Liderança Estratégica e Capacidade Central
PQ15_Cap_48,PQ15,2026-2030,48,Chapter 38 Development of Education that Meets the People’s Expectations,116,120,basic_research,disciplines specializations qualifying universities advanced research institutes deployed built focus central western northeastern regions implement initiative boost country’s innovation capacity,focus key fields build several national interdisciplinary centers national toptier innovative talent cultivation institutes relying national graduate colleges elite engineers,disciplines specializations qualifying universities advanced research institutes deployed built focus central western northeastern regions implement initiative boost country’s innovation capacity basic_research focus key fields build several national interdisciplinary centers national toptier innovative talent cultivation institutes relying national graduate colleges elite engineers,disciplines specializations qualifying universities advanced research institutes deployed built focus central western northeastern regions implement initiative boost country’s innovation capacity [basic_research] focus key fields build several national interdisciplinary centers national toptier innovative talent cultivation institutes relying national graduate colleges elite engineers,"PQ15, Chapter 38 Development of Education that Meets the People’s Expectations (pp. 116-120)",M2: Autonomia Tecno-Relacional e Modernização
PQ15_Cap_51,PQ15,2026-2030,51,Part Twelve Safeguarding and Improvement of People’s,128,128,common_prosperity,twelve safeguarding improvement people’s livelihoods promotion,uphold safeguarding improvement people’s livelihoods progress high-quality_development line principle everything within means improve basic public services system implement equitable universally,twelve safeguarding improvement people’s livelihoods promotion common_prosperity uphold safeguarding improvement people’s livelihoods progress high-quality_development line principle everything within means improve basic public services system implement equitable universally,twelve safeguarding improvement people’s livelihoods promotion [common_prosperity] uphold safeguarding improvement people’s livelihoods progress high-quality_development line principle everything within means improve basic public services system implement equitable universally,"PQ15, Part Twelve Safeguarding and Improvement of People’s (pp. 128-128)",M6: Teleologia Nacional e Fins Estruturais
PQ15_Cap_53,PQ15,2026-2030,53,Chapter 42 Improvement of the Income Distribution System,132,133,common_prosperity,means wealth accumulation well-regulated support acquirement wealth hard work innovation lawful activities encourage already well-off assist others increasing wealth promote,excessively high incomes reasonably regulated illegal incomes banned,means wealth accumulation well-regulated support acquirement wealth hard work innovation lawful activities encourage already well-off assist others increasing wealth promote common_prosperity excessively high incomes reasonably regulated illegal incomes banned,means wealth accumulation well-regulated support acquirement wealth hard work innovation lawful activities encourage already well-off assist others increasing wealth promote [common_prosperity] excessively high incomes reasonably regulated illegal incomes banned,"PQ15, Chapter 42 Improvement of the Income Distribution System (pp. 132-133)",M6: Teleologia Nacional e Fins Estruturais
PQ15_Cap_58,PQ15,2026-2030,58,Part Thirteen Accelerated Comprehensive Green Transition,141,141,beautiful_china,thirteen accelerated comprehensive green transition economic social development building,firmly establish practice concept lucid_waters_and_lush_mountains invaluable assets using carbon_peaking carbon_neutrality primary driver improvement ecological_civilization institutional system guarantee coordinated efforts cut,thirteen accelerated comprehensive green transition economic social development building beautiful_china firmly establish practice concept lucid_waters_and_lush_mountains invaluable assets using carbon_peaking carbon_neutrality primary driver improvement ecological_civilization institutional system guarantee coordinated efforts cut,thirteen accelerated comprehensive green transition economic social development building [beautiful_china] firmly establish practice concept lucid_waters_and_lush_mountains invaluable assets using carbon_peaking carbon_neutrality primary driver improvement ecological_civilization institutional system guarantee coordinated efforts cut,"PQ15, Part Thirteen Accelerated Comprehensive Green Transition (pp. 141-141)",M5: Civilização Ecológica e Transição Verde
PQ15_Cap_58,PQ15,2026-2030,58,Part Thirteen Accelerated Comprehensive Green Transition,141,141,carbon_neutrality,thirteen accelerated comprehensive green transition economic social development building beautiful_china firmly establish practice concept lucid_waters_and_lush_mountains invaluable assets using carbon_peaking,primary driver improvement ecological_civilization institutional system guarantee coordinated efforts cut carbon emissions reduce pollution expand green_development pursue economic growth ecological,thirteen accelerated comprehensive green transition economic social development building beautiful_china firmly establish practice concept lucid_waters_and_lush_mountains invaluable assets using carbon_peaking carbon_neutrality primary driver improvement ecological_civilization institutional system guarantee coordinated efforts cut carbon emissions reduce pollution expand green_development pursue economic growth ecological,thirteen accelerated comprehensive green transition economic social development building beautiful_china firmly establish practice concept lucid_waters_and_lush_mountains invaluable assets using carbon_peaking [carbon_neutrality] primary driver improvement ecological_civilization institutional system guarantee coordinated efforts cut carbon emissions reduce pollution expand green_development pursue economic growth ecological,"PQ15, Part Thirteen Accelerated Comprehensive Green Transition (pp. 141-141)",M5: Civilização Ecológica e Transição Verde
PQ15_Cap_58,PQ15,2026-2030,58,Part Thirteen Accelerated Comprehensive Green Transition,141,141,ecological_civilization,green transition economic social development building beautiful_china firmly establish practice concept lucid_waters_and_lush_mountains invaluable assets using carbon_peaking carbon_neutrality primary driver improvement,institutional system guarantee coordinated efforts cut carbon emissions reduce pollution expand green_development pursue economic growth ecological environmental quality improved solid,green transition economic social development building beautiful_china firmly establish practice concept lucid_waters_and_lush_mountains invaluable assets using carbon_peaking carbon_neutrality primary driver improvement ecological_civilization institutional system guarantee coordinated efforts cut carbon emissions reduce pollution expand green_development pursue economic growth ecological environmental quality improved solid,green transition economic social development building beautiful_china firmly establish practice concept lucid_waters_and_lush_mountains invaluable assets using carbon_peaking carbon_neutrality primary driver improvement [ecological_civilization] institutional system guarantee coordinated efforts cut carbon emissions reduce pollution expand green_development pursue economic growth ecological environmental quality improved solid,"PQ15, Part Thirteen Accelerated Comprehensive Green Transition (pp. 141-141)",M5: Civilização Ecológica e Transição Verde
PQ15_Cap_59,PQ15,2026-2030,59,Chapter 47 Active and Prudent Advancement Towards Carbon Peaking,142,145,carbon_neutrality,assessment industry-level carbon management control enterprise carbon management project carbon evaluation product carbon footprint management comprehensive assessment evaluation system carbon_peaking,established dual-control targets carbon emissions scientifically equitably disaggregated accountability meeting carbon emission targets firmly established industry-level carbon emission management control,assessment industry-level carbon management control enterprise carbon management project carbon evaluation product carbon footprint management comprehensive assessment evaluation system carbon_peaking carbon_neutrality established dual-control targets carbon emissions scientifically equitably disaggregated accountability meeting carbon emission targets firmly established industry-level carbon emission management control,assessment industry-level carbon management control enterprise carbon management project carbon evaluation product carbon footprint management comprehensive assessment evaluation system carbon_peaking [carbon_neutrality] established dual-control targets carbon emissions scientifically equitably disaggregated accountability meeting carbon emission targets firmly established industry-level carbon emission management control,"PQ15, Chapter 47 Active and Prudent Advancement Towards Carbon Peaking (pp. 142-145)",M5: Civilização Ecológica e Transição Verde
PQ15_Cap_59,PQ15,2026-2030,59,Chapter 47 Active and Prudent Advancement Towards Carbon Peaking,142,145,carbon_neutrality,common differentiated responsibilities give full effect united nations framework convention climate change paris agreement deepen southsouth cooperation climate change carbon_peaking,energy conservation carbon reduction key industries fields intensity energy conservation carbon reduction transformation key industries including thermal power steel non-ferrous,common differentiated responsibilities give full effect united nations framework convention climate change paris agreement deepen southsouth cooperation climate change carbon_peaking carbon_neutrality energy conservation carbon reduction key industries fields intensity energy conservation carbon reduction transformation key industries including thermal power steel non-ferrous,common differentiated responsibilities give full effect united nations framework convention climate change paris agreement deepen southsouth cooperation climate change carbon_peaking [carbon_neutrality] energy conservation carbon reduction key industries fields intensity energy conservation carbon reduction transformation key industries including thermal power steel non-ferrous,"PQ15, Chapter 47 Active and Prudent Advancement Towards Carbon Peaking (pp. 142-145)",M5: Civilização Ecológica e Transição Verde
PQ15_Cap_59,PQ15,2026-2030,59,Chapter 47 Active and Prudent Advancement Towards Carbon Peaking,142,145,carbon_neutrality,greenhouse gas management control projects implemented formation emission reduction capacity million tonnes co equivalent driven forward foundational capacity building carbon_peaking,national comprehensive carbon emission data management system national greenhouse gas emission factor database national carbon measurement laboratories built technological innovation,greenhouse gas management control projects implemented formation emission reduction capacity million tonnes co equivalent driven forward foundational capacity building carbon_peaking carbon_neutrality national comprehensive carbon emission data management system national greenhouse gas emission factor database national carbon measurement laboratories built technological innovation,greenhouse gas management control projects implemented formation emission reduction capacity million tonnes co equivalent driven forward foundational capacity building carbon_peaking [carbon_neutrality] national comprehensive carbon emission data management system national greenhouse gas emission factor database national carbon measurement laboratories built technological innovation,"PQ15, Chapter 47 Active and Prudent Advancement Towards Carbon Peaking (pp. 142-145)",M5: Civilização Ecológica e Transição Verde
PQ15_Cap_60,PQ15,2026-2030,60,Chapter 48 Continuous Improvement of Environmental Quality,146,150,ecological_civilization,governments levels leading officials fulfilled central provincial ecological environmental_protection inspections advanced improve support capacity inspections modernization monitoring regulatory capacity national,pilot zones continuously developed assessments progress beautiful_china construction conducted beautiful_china pioneer zones built ecological environmental zoning management control advanced alignment,governments levels leading officials fulfilled central provincial ecological environmental_protection inspections advanced improve support capacity inspections modernization monitoring regulatory capacity national ecological_civilization pilot zones continuously developed assessments progress beautiful_china construction conducted beautiful_china pioneer zones built ecological environmental zoning management control advanced alignment,governments levels leading officials fulfilled central provincial ecological environmental_protection inspections advanced improve support capacity inspections modernization monitoring regulatory capacity national [ecological_civilization] pilot zones continuously developed assessments progress beautiful_china construction conducted beautiful_china pioneer zones built ecological environmental zoning management control advanced alignment,"PQ15, Chapter 48 Continuous Improvement of Environmental Quality (pp. 146-150)",M5: Civilização Ecológica e Transição Verde
PQ15_Cap_60,PQ15,2026-2030,60,Chapter 48 Continuous Improvement of Environmental Quality,146,150,beautiful_china,ecological environmental_protection inspections advanced improve support capacity inspections modernization monitoring regulatory capacity national ecological_civilization pilot zones continuously developed assessments progress,construction conducted beautiful_china pioneer zones built ecological environmental zoning management control advanced alignment national territorial spatial planning strengthened optimize industrial,ecological environmental_protection inspections advanced improve support capacity inspections modernization monitoring regulatory capacity national ecological_civilization pilot zones continuously developed assessments progress beautiful_china construction conducted beautiful_china pioneer zones built ecological environmental zoning management control advanced alignment national territorial spatial planning strengthened optimize industrial,ecological environmental_protection inspections advanced improve support capacity inspections modernization monitoring regulatory capacity national ecological_civilization pilot zones continuously developed assessments progress [beautiful_china] construction conducted beautiful_china pioneer zones built ecological environmental zoning management control advanced alignment national territorial spatial planning strengthened optimize industrial,"PQ15, Chapter 48 Continuous Improvement of Environmental Quality (pp. 146-150)",M5: Civilização Ecológica e Transição Verde
PQ15_Cap_60,PQ15,2026-2030,60,Chapter 48 Continuous Improvement of Environmental Quality,146,150,beautiful_china,advanced improve support capacity inspections modernization monitoring regulatory capacity national ecological_civilization pilot zones continuously developed assessments progress beautiful_china construction conducted,pioneer zones built ecological environmental zoning management control advanced alignment national territorial spatial planning strengthened optimize industrial layout coordinated manner,advanced improve support capacity inspections modernization monitoring regulatory capacity national ecological_civilization pilot zones continuously developed assessments progress beautiful_china construction conducted beautiful_china pioneer zones built ecological environmental zoning management control advanced alignment national territorial spatial planning strengthened optimize industrial layout coordinated manner,advanced improve support capacity inspections modernization monitoring regulatory capacity national ecological_civilization pilot zones continuously developed assessments progress beautiful_china construction conducted [beautiful_china] pioneer zones built ecological environmental zoning management control advanced alignment national territorial spatial planning strengthened optimize industrial layout coordinated manner,"PQ15, Chapter 48 Continuous Improvement of Environmental Quality (pp. 146-150)",M5: Civilização Ecológica e Transição Verde
PQ15_Cap_61,PQ15,2026-2030,61,"Chapter 49 Enhanced Diversity, Stability, and Sustainability of Ecosystems",151,154,ecological_civilization,northern sand-prevention belt northeastern forest belt promoted ecological protection restoration qinghai-xizang plateau ecological barrier zone goal accelerating building national model,protection plateau forests meadow grasslands snow-capped mountains glaciers permafrost strengthened management black-soil-patch degraded grasslands desertified grasslands intensified comprehensive management desertified,northern sand-prevention belt northeastern forest belt promoted ecological protection restoration qinghai-xizang plateau ecological barrier zone goal accelerating building national model ecological_civilization protection plateau forests meadow grasslands snow-capped mountains glaciers permafrost strengthened management black-soil-patch degraded grasslands desertified grasslands intensified comprehensive management desertified,northern sand-prevention belt northeastern forest belt promoted ecological protection restoration qinghai-xizang plateau ecological barrier zone goal accelerating building national model [ecological_civilization] protection plateau forests meadow grasslands snow-capped mountains glaciers permafrost strengthened management black-soil-patch degraded grasslands desertified grasslands intensified comprehensive management desertified,"PQ15, Chapter 49 Enhanced Diversity, Stability, and Sustainability of Ecosystems (pp. 151-154)",M5: Civilização Ecológica e Transição Verde
PQ15_Cap_64,PQ15,2026-2030,64,Chapter 51 Enhanced National Security System and Capacity Building,157,157,political_security,useful particular emphasis safeguarding major security concerns bear country’s long-term stability health stability economy people’s peace contentment daily lives safeguarding,placed top agenda specifically resolutely uphold security state power institutional system ideology sternly crack upon infiltration sabotage subversion separatist activities,useful particular emphasis safeguarding major security concerns bear country’s long-term stability health stability economy people’s peace contentment daily lives safeguarding political_security placed top agenda specifically resolutely uphold security state power institutional system ideology sternly crack upon infiltration sabotage subversion separatist activities,useful particular emphasis safeguarding major security concerns bear country’s long-term stability health stability economy people’s peace contentment daily lives safeguarding [political_security] placed top agenda specifically resolutely uphold security state power institutional system ideology sternly crack upon infiltration sabotage subversion separatist activities,"PQ15, Chapter 51 Enhanced National Security System and Capacity Building (pp. 157-157)",M1: Securitização Holística e Gestão de Riscos
PQ15_Cap_65,PQ15,2026-2030,65,Chapter 52 Safeguarding of National Economic Security,158,160,cybersecurity,consumers severely crack illegal financial activities financial_security conditions openness strengthened monitoring early warning response mechanism cross-border capital flows improved enhancement,assurance capacity deepen comprehensive governance cyberspace security accelerate building national cybersecurity defense system foundational systems security protection critical information infrastructure,consumers severely crack illegal financial activities financial_security conditions openness strengthened monitoring early warning response mechanism cross-border capital flows improved enhancement cybersecurity assurance capacity deepen comprehensive governance cyberspace security accelerate building national cybersecurity defense system foundational systems security protection critical information infrastructure,consumers severely crack illegal financial activities financial_security conditions openness strengthened monitoring early warning response mechanism cross-border capital flows improved enhancement [cybersecurity] assurance capacity deepen comprehensive governance cyberspace security accelerate building national cybersecurity defense system foundational systems security protection critical information infrastructure,"PQ15, Chapter 52 Safeguarding of National Economic Security (pp. 158-160)",M1: Securitização Holística e Gestão de Riscos
PQ15_Cap_65,PQ15,2026-2030,65,Chapter 52 Safeguarding of National Economic Security,158,160,cybersecurity,early warning response mechanism cross-border capital flows improved enhancement cybersecurity assurance capacity deepen comprehensive governance cyberspace security accelerate building national,defense system foundational systems security protection critical information infrastructure cybersecurity review security assessments cloud computing services improved laws regulations internet,early warning response mechanism cross-border capital flows improved enhancement cybersecurity assurance capacity deepen comprehensive governance cyberspace security accelerate building national cybersecurity defense system foundational systems security protection critical information infrastructure cybersecurity review security assessments cloud computing services improved laws regulations internet,early warning response mechanism cross-border capital flows improved enhancement cybersecurity assurance capacity deepen comprehensive governance cyberspace security accelerate building national [cybersecurity] defense system foundational systems security protection critical information infrastructure cybersecurity review security assessments cloud computing services improved laws regulations internet,"PQ15, Chapter 52 Safeguarding of National Economic Security (pp. 158-160)",M1: Securitização Holística e Gestão de Riscos
PQ15_Cap_65,PQ15,2026-2030,65,Chapter 52 Safeguarding of National Economic Security,158,160,cybersecurity,assurance capacity deepen comprehensive governance cyberspace security accelerate building national cybersecurity defense system foundational systems security protection critical information infrastructure,review security assessments cloud computing services improved laws regulations internet content management network platform governance improved cyber-related illegal criminal activities,assurance capacity deepen comprehensive governance cyberspace security accelerate building national cybersecurity defense system foundational systems security protection critical information infrastructure cybersecurity review security assessments cloud computing services improved laws regulations internet content management network platform governance improved cyber-related illegal criminal activities,assurance capacity deepen comprehensive governance cyberspace security accelerate building national cybersecurity defense system foundational systems security protection critical information infrastructure [cybersecurity] review security assessments cloud computing services improved laws regulations internet content management network platform governance improved cyber-related illegal criminal activities,"PQ15, Chapter 52 Safeguarding of National Economic Security (pp. 158-160)",M1: Securitização Holística e Gestão de Riscos
PQ15_Cap_65,PQ15,2026-2030,65,Chapter 52 Safeguarding of National Economic Security,158,160,cybersecurity,protection strengthened series qinglang special campaigns continue conducted address online rumors cyberbullying forms disorder cultivating clean wholesome cyberspace environment support,technology innovation industry development encourage development secure trustworthy information products services building disaster recovery backup system advanced cybersecurity protection industrial,protection strengthened series qinglang special campaigns continue conducted address online rumors cyberbullying forms disorder cultivating clean wholesome cyberspace environment support cybersecurity technology innovation industry development encourage development secure trustworthy information products services building disaster recovery backup system advanced cybersecurity protection industrial,protection strengthened series qinglang special campaigns continue conducted address online rumors cyberbullying forms disorder cultivating clean wholesome cyberspace environment support [cybersecurity] technology innovation industry development encourage development secure trustworthy information products services building disaster recovery backup system advanced cybersecurity protection industrial,"PQ15, Chapter 52 Safeguarding of National Economic Security (pp. 158-160)",M1: Securitização Holística e Gestão de Riscos
PQ15_Cap_65,PQ15,2026-2030,65,Chapter 52 Safeguarding of National Economic Security,158,160,cybersecurity,environment support cybersecurity technology innovation industry development encourage development secure trustworthy information products services building disaster recovery backup system advanced,protection industrial control systems new technologies new applications strengthened participate deeply global cyberspace governance formulation international rules actively expand international,environment support cybersecurity technology innovation industry development encourage development secure trustworthy information products services building disaster recovery backup system advanced cybersecurity protection industrial control systems new technologies new applications strengthened participate deeply global cyberspace governance formulation international rules actively expand international,environment support cybersecurity technology innovation industry development encourage development secure trustworthy information products services building disaster recovery backup system advanced [cybersecurity] protection industrial control systems new technologies new applications strengthened participate deeply global cyberspace governance formulation international rules actively expand international,"PQ15, Chapter 52 Safeguarding of National Economic Security (pp. 158-160)",M1: Securitização Holística e Gestão de Riscos
PQ15_Cap_65,PQ15,2026-2030,65,Chapter 52 Safeguarding of National Economic Security,158,160,cybersecurity,protection industrial control systems new technologies new applications strengthened participate deeply global cyberspace governance formulation international rules actively expand international,cooperation,protection industrial control systems new technologies new applications strengthened participate deeply global cyberspace governance formulation international rules actively expand international cybersecurity cooperation,protection industrial control systems new technologies new applications strengthened participate deeply global cyberspace governance formulation international rules actively expand international [cybersecurity] cooperation,"PQ15, Chapter 52 Safeguarding of National Economic Security (pp. 158-160)",M1: Securitização Holística e Gestão de Riscos
PQ15_Cap_66,PQ15,2026-2030,66,Chapter 53 Improvement of Public Safety Governance,161,162,emergency_management_system,workplace safety law enforcement improved list priority inspection items established industry central-level workplace safety assessment inspection tours rigorously conducted improvement,uphold principles putting people first life first work integrally enhance capacities disaster prevention reduction disasterresistant fortification disaster relief support effectively,workplace safety law enforcement improved list priority inspection items established industry central-level workplace safety assessment inspection tours rigorously conducted improvement emergency_management_system uphold principles putting people first life first work integrally enhance capacities disaster prevention reduction disasterresistant fortification disaster relief support effectively,workplace safety law enforcement improved list priority inspection items established industry central-level workplace safety assessment inspection tours rigorously conducted improvement [emergency_management_system] uphold principles putting people first life first work integrally enhance capacities disaster prevention reduction disasterresistant fortification disaster relief support effectively,"PQ15, Chapter 53 Improvement of Public Safety Governance (pp. 161-162)",M1: Securitização Holística e Gestão de Riscos
PQ15_Cap_68,PQ15,2026-2030,68,Part Fifteen Achieving the Centenary Goals of the People’s,166,166,xi_jinping_thought,fifteen achieving centenary goals people’s liberation army modernizing national defense armed forces act,strengthening military carry military strategy new era ensure party exercises absolute leadership people’s armed forces system ultimate responsibility resting chairman,fifteen achieving centenary goals people’s liberation army modernizing national defense armed forces act xi_jinping_thought strengthening military carry military strategy new era ensure party exercises absolute leadership people’s armed forces system ultimate responsibility resting chairman,fifteen achieving centenary goals people’s liberation army modernizing national defense armed forces act [xi_jinping_thought] strengthening military carry military strategy new era ensure party exercises absolute leadership people’s armed forces system ultimate responsibility resting chairman,"PQ15, Part Fifteen Achieving the Centenary Goals of the People’s (pp. 166-166)",M4: Liderança Estratégica e Capacidade Central
PQ15_Cap_70,PQ15,2026-2030,70,Chapter 56 Consolidation and Enhancement of the Integrated National Strategies,169,169,new_quality_productive_forces,faster build strategic capabilities emerging domains improve channel military adoption frontier science_and_technology achievements civilian side promote effective integration mutual reinforcement,new-type combat capabilities develop advanced defense-related science technology industry systems improve planning fields enhance equipment procurement management system promote interoperability,faster build strategic capabilities emerging domains improve channel military adoption frontier science_and_technology achievements civilian side promote effective integration mutual reinforcement new_quality_productive_forces new-type combat capabilities develop advanced defense-related science technology industry systems improve planning fields enhance equipment procurement management system promote interoperability,faster build strategic capabilities emerging domains improve channel military adoption frontier science_and_technology achievements civilian side promote effective integration mutual reinforcement [new_quality_productive_forces] new-type combat capabilities develop advanced defense-related science technology industry systems improve planning fields enhance equipment procurement management system promote interoperability,"PQ15, Chapter 56 Consolidation and Enhancement of the Integrated National Strategies (pp. 169-169)",M2: Autonomia Tecno-Relacional e Modernização
PQ15_Cap_74,PQ15,2026-2030,74,Part Seventeen Upholding and Improvement of the Policy of,172,172,national_rejuvenation,unswervingly safeguard promote long-term prosperity stability hong kong macao unswervingly advance great cause national reunification join hands accomplish great endeavor,NA,unswervingly safeguard promote long-term prosperity stability hong kong macao unswervingly advance great cause national reunification join hands accomplish great endeavor national_rejuvenation,unswervingly safeguard promote long-term prosperity stability hong kong macao unswervingly advance great cause national reunification join hands accomplish great endeavor [national_rejuvenation] ,"PQ15, Part Seventeen Upholding and Improvement of the Policy of (pp. 172-172)",M6: Teleologia Nacional e Fins Estruturais
PQ15_Cap_78,PQ15,2026-2030,78,Chapter 61 Upholding and Strengthening of the Centralized and Unified,176,178,centralized_and_unified_leadership,upholding strengthening,party central_committee resolutely safeguard authority party central_committee centralized unified leadership give full expression party’s core leadership overall planning coordination provide,upholding strengthening centralized_and_unified_leadership party central_committee resolutely safeguard authority party central_committee centralized unified leadership give full expression party’s core leadership overall planning coordination provide,upholding strengthening [centralized_and_unified_leadership] party central_committee resolutely safeguard authority party central_committee centralized unified leadership give full expression party’s core leadership overall planning coordination provide,"PQ15, Chapter 61 Upholding and Strengthening of the Centralized and Unified (pp. 176-178)",M4: Liderança Estratégica e Capacidade Central
PQ15_Cap_78,PQ15,2026-2030,78,Chapter 61 Upholding and Strengthening of the Centralized and Unified,176,178,party_leadership,party central_committee centralized unified leadership give full expression party’s core leadership overall planning coordination provide fundamental guarantee advancing implementation enhancement,throughout full process implementation pursue in-depth study implementation xi_jinping_thought socialism_with_chinese_characteristics_for_a_new_era continuing apply party’s new theories achieve unity thinking action refine,party central_committee centralized unified leadership give full expression party’s core leadership overall planning coordination provide fundamental guarantee advancing implementation enhancement party_leadership throughout full process implementation pursue in-depth study implementation xi_jinping_thought socialism_with_chinese_characteristics_for_a_new_era continuing apply party’s new theories achieve unity thinking action refine,party central_committee centralized unified leadership give full expression party’s core leadership overall planning coordination provide fundamental guarantee advancing implementation enhancement [party_leadership] throughout full process implementation pursue in-depth study implementation xi_jinping_thought socialism_with_chinese_characteristics_for_a_new_era continuing apply party’s new theories achieve unity thinking action refine,"PQ15, Chapter 61 Upholding and Strengthening of the Centralized and Unified (pp. 176-178)",M4: Liderança Estratégica e Capacidade Central
PQ15_Cap_78,PQ15,2026-2030,78,Chapter 61 Upholding and Strengthening of the Centralized and Unified,176,178,xi_jinping_thought,core leadership overall planning coordination provide fundamental guarantee advancing implementation enhancement party_leadership throughout full process implementation pursue in-depth study implementation,socialism_with_chinese_characteristics_for_a_new_era continuing apply party’s new theories achieve unity thinking action refine mechanisms party central committee’s major decisions plans carried enhance,core leadership overall planning coordination provide fundamental guarantee advancing implementation enhancement party_leadership throughout full process implementation pursue in-depth study implementation xi_jinping_thought socialism_with_chinese_characteristics_for_a_new_era continuing apply party’s new theories achieve unity thinking action refine mechanisms party central committee’s major decisions plans carried enhance,core leadership overall planning coordination provide fundamental guarantee advancing implementation enhancement party_leadership throughout full process implementation pursue in-depth study implementation [xi_jinping_thought] socialism_with_chinese_characteristics_for_a_new_era continuing apply party’s new theories achieve unity thinking action refine mechanisms party central committee’s major decisions plans carried enhance,"PQ15, Chapter 61 Upholding and Strengthening of the Centralized and Unified (pp. 176-178)",M4: Liderança Estratégica e Capacidade Central
